Name,Qualification,Specialization,Link
Dr. S. Rajeshwar Rao,"MBBS, MD, DCh (Paediatrics)",Paediatrician,skedoc.com/hyderabad/doctor/dr-s-rajeshwar-rao-paediatrician
Dr. Aavula Muralidhar,MBBS,General Physician,skedoc.com/hyderabad/doctor/dr-aavula-muralidhar-general-physician
Dr. Adiraju Krishna Prasad,"MBBS, DNB (Gen Medicine)",General Physician,skedoc.com/hyderabad/doctor/dr-adiraju-krishna-prasad-general-physician
Dr. G. Swetha,"MBBS, MS (OBG), DNB (OBG)",Gynaecologist,skedoc.com/hyderabad/doctor/dr-g-swetha-gynaecologist
Dr. Indira,"MBBS, MD ( DVL)",Dermatologist,skedoc.com/hyderabad/doctor/dr-indira-dermatologist
Dr. Juveria Majeed,"MBBS, MS (ENT)",ENT Surgeon,skedoc.com/hyderabad/doctor/dr-juveria-majeed-ent-surgeon
Dr. M. Gireesh Kumar,"MBBS, MD (Psychiatry)",Psychiatrist,skedoc.com/hyderabad/doctor/dr-m-gireesh-kumar-psychiatrist
Dr. Pratap Kumar,"MBBS, MS, MCh",Neuro Surgeon,skedoc.com/hyderabad/doctor/dr-pratap-kumar-neuro-surgeon
Dr.C. Sudha Rani,"MBBS, MD ( DVL)",Dermatologist,skedoc.com/hyderabad/doctor/dr-c-sudha-rani-dermatologist
Dr.D. Nagendar,"MBBS, MD (Gen Medicine)",General Physician,skedoc.com/hyderabad/doctor/dr-d-nagendar-general-physician
Dr.M. Raja Rao,"MBBS, MD (Gen Med)",General Physician,skedoc.com/hyderabad/doctor/dr-m-raja-rao-general-physician
Dr. Jagadeesh Reddy Bandi,"MBBS, DO (Ophthalmology)",Ophthalmologist,skedoc.com/hyderabad/doctor/dr-jagadeesh-reddy-bandi-ophthalmologist
Dr. Ramakanth Reddy,"MBBS, MS, DNB (Ophthalmology)",Ophthalmologist,skedoc.com/hyderabad/doctor/dr-ramakanth-reddy-ophthalmologist
Dr. Adi Pratyusha,"MBBS, DPM",Psychiatrist,skedoc.com/hyderabad/doctor/dr-adi-pratyusha-psychiatrist
Dr. Anas Ansari,BDS,Dentist,skedoc.com/hyderabad/doctor/dr-anas-ansari-dentist
Dr. Arjuman Sultana,"MBBS, DGO",Gynaecologist,skedoc.com/hyderabad/doctor/dr-arjuman-sultana-gynaecologist
Dr. Arshiya Siddiqua,"MBBS, MD, DNB (Gastroenterology)",Gastroenterologist,skedoc.com/hyderabad/doctor/dr-arshiya-siddiqua-gastroenterologist
Dr. Bharavi Chunduri,"MBBS, MD, DM (Cardiology)",Cardiologist,skedoc.com/hyderabad/doctor/dr-bharavi-chunduri-cardiologist
Dr. D Prasad Rao,MPT,Physiotherapist,skedoc.com/hyderabad/doctor/dr-d-prasad-rao-physiotherapist
Dr. Dolla Raja Ramesh,"MBBS, MD General Medicine (Osmania)",Diabetologist,skedoc.com/hyderabad/doctor/dr-dolla-raja-ramesh-general-physician
Dr. G. Krishna Karthik,"MBBS, DNB (Pulmonary Medicine)",Pulmonologist,skedoc.com/hyderabad/doctor/dr-g-krishna-karthik-pulmonologist
Dr. Khaleelullah SGDK,"MBBS, MS, MCh (Orthopaedics)",Orthopaedic Surgeon,skedoc.com/hyderabad/doctor/dr-khaleelullah-sgdk-orthopaedic-surgeon
Dr. Kushal Donkada,"MBBS, MS (ENT)",ENT Surgeon,skedoc.com/hyderabad/doctor/dr-kushal-donkada-ent-surgeon
Dr. Mir Jawad Zar Khan,"MBBS, MS, M Ch (Ortho)",Orthopaedic Surgeon,skedoc.com/hyderabad/doctor/dr-mir-jawad-zar-khan-orthopaedic-surgeon
Dr. Mohammed Wasif Azam,"MBBS, MD, DNB (Cardiology)",Cardiologist,skedoc.com/hyderabad/doctor/dr-mohammed-wasif-azam-cardiologist
Dr. Praveen Sadananda Gopan,"MBBS, MD (Psychiatry), MBA",Psychiatrist,skedoc.com/hyderabad/doctor/dr-praveen-sadananda-gopan-psychiatrist
Dr. Qayyum Quadri,"MBBS, MD (General Medicine)",General Physician,skedoc.com/hyderabad/doctor/dr-qayyum-quadri-general-physician
Dr. Shabana Nazneen,"MBBS, MD, DM (Nephrology)",Nephrologist,skedoc.com/hyderabad/doctor/dr-shabana-nazneen-nephrologist
Dr. Shyam Sunder Rendedla,"MBBS, DNB (Orthopaedics)",Orthopaedic Surgeon,skedoc.com/hyderabad/doctor/dr-shyam-sunder-rendedla-orthopaedic-surgeon
Dr. T. Zeeshan Muzahid,"MBBS, MS (Orthopaedics)",Orthopaedic Surgeon,skedoc.com/hyderabad/doctor/dr-t-zeeshan-muzahid-orthopaedic-surgeon
Dr. Uma Rani,"MBBS, DCh (Paediatrics)",Paediatrician,skedoc.com/hyderabad/doctor/dr-uma-rani-paediatrician
Dr. Vijay Kumar Loya,"MBBS, MS, DNB (Orthopaedics)",Orthopaedic Surgeon,skedoc.com/hyderabad/doctor/dr-vijay-kumar-loya-orthopaedic-surgeon
Dr. Vinay Ausekar,"MBBS, MS, M Ch (Urology)",Urologist,skedoc.com/hyderabad/doctor/dr-vinay-ausekar-urologist
Dr. Warisa Khan,"MBBS, MD (DVL)",Dermatologist,skedoc.com/hyderabad/doctor/dr-warisa-khan-dermatologist
Dr Vivek Vardhan Veerapaneni,"MBBS, MD (Pulmonary Medicine)",Pulmonologist,skedoc.com/hyderabad/doctor/dr-vivek-vardhan-veerapaneni-pulmonologist
Dr. Vishnun Rao Veerapaneni,"MBBS, D Ch, MD (Pulmo)",Pulmonologist,skedoc.com/hyderabad/doctor/dr-vishnun-rao-veerapaneni-pulmonologist
Dr. C. Venkateshwara Reddy,"MBBS, MD (Paediatrics)",Paediatrician,skedoc.com/hyderabad/doctor/dr-c-venkateshwara-reddy-paediatrician
Dr. Sridevi Ragi,"MBBS, MS (OBG)",Gynaecologist,skedoc.com/hyderabad/doctor/dr-sridevi-ragi-gynaecologist
Dr. Venugopal Ragi,"MBBS, MS, MCh (Orthopaedics)",Orthopaedic Surgeon,skedoc.com/hyderabad/doctor/dr-venugopal-ragi-orthopaedic-surgeon
Dr. P.V. Ratnakar,"MBBS, MD, DCh (Paediatrics)",Paediatrician,skedoc.com/hyderabad/doctor/dr-p-v-ratnakar-paediatrician
Dr. Altaf Akbar,"MBBS, DO (Ophthalmology), FRCS,FRCO",Ophthalmologist,skedoc.com/hyderabad/doctor/dr-altaf-akbar-ophthalmologist
Dr. Asha Samdani,"MBBS, MD (Ophthalmology), FICO, FRCS",Ophthalmologist,skedoc.com/hyderabad/doctor/dr-asha-samdani-ophthalmologist
Dr. Ekta Aggarwal,"MBBS, MD (Oph)",Ophthalmologist,skedoc.com/hyderabad/doctor/dr-ekta-aggarwal-ophthalmologist
Dr. K. Tulasi Priya,"MBBS, MS, FRCS (Ophthalmology)",Ophthalmologist,skedoc.com/hyderabad/doctor/dr-k-tulasi-priya-ophthalmologist
Dr. Nazia Afrose,"MBBS, DO (Ophthalmology)",Ophthalmologist,skedoc.com/hyderabad/doctor/dr-nazia-afrose-ophthalmologist
Dr. P. Charuta Jayant,"MBBS, DNB (Oph)",Ophthalmologist,skedoc.com/hyderabad/doctor/dr-p-charuta-jayant-ophthalmologist
Dr. Siva Kumar,"MBBS, MS (Ophthalmology)",Ophthalmologist,skedoc.com/hyderabad/doctor/dr-siva-kumar-ophthalmologist
Dr. Syed Musaab Mohiuddin,"MBBS, DO, FICO, MRCS",Ophthalmologist,skedoc.com/hyderabad/doctor/dr-syed-musaab-mohiuddin-ophthalmologist
Dr. Vasavi Desaraju,"MBBS, DO (Ophthalmology)",Ophthalmologist,skedoc.com/hyderabad/doctor/dr-vasavi-desaraju-ophthalmologist
Dr. Parveen Kulsum,"MBBS, MS, DO",Ophthalmologist,skedoc.com/hyderabad/doctor/dr-parveen-kulsum-ophthalmologist
Dr. S Nishat,"MBBS, DNB, DGO, MRCOG",Gynaecologist,skedoc.com/hyderabad/doctor/dr-s-nishat-gynaecologist
Dr. Syeda Kahkashan Zainab,"MBBS, DGO",Gynaecologist,skedoc.com/hyderabad/doctor/dr-syeda-kahkashan-zainab-gynaecologist
Dr. Naveen Nukala,"MBBS, MS (Ophthalmology), FVRS",Ophthalmologist,skedoc.com/hyderabad/doctor/dr-naveen-nukala-ophthalmologist
Dr. Roma Johri,"MBBS, MS, DO (Ophthalmology)",Ophthalmologist,skedoc.com/hyderabad/doctor/dr-roma-johri-ophthalmologist
Dr. Srinivas Thatipally,"MBBS, MS (Oph), FPOS",Ophthalmologist,skedoc.com/hyderabad/doctor/dr-srinivas-thatipally-ophthalmologist
Dr. Sushma Thatipally,"MBBS, MS (Ophthalmology)",Ophthalmologist,skedoc.com/hyderabad/doctor/dr-sushma-thatipally-ophthalmologist
Dr.P. Ravindranath Reddy,"MBBS, MS (Oph)",Ophthalmologist,skedoc.com/hyderabad/doctor/dr-p-ravindranath-reddy-ophthalmologist
Dr. Amit Rao,"BDS, PhD",Dentist,skedoc.com/hyderabad/doctor/dr-amit-rao-dentist
Dr. Shiela Patil Konda,MDS,Dentist,skedoc.com/hyderabad/doctor/dr-shiela-patil-konda-dentist
Dr. Sushil Kumar Cirigiri,MDS,Dentist,skedoc.com/hyderabad/doctor/dr-sushil-kumar-cirigiri-dentist
Dr. N V R Murthy,"MBBS, MS (Ophthalmology)",Ophthalmologist,skedoc.com/hyderabad/doctor/dr-n-v-r-murthy-ophthalmologist
Dr. Puja Lavania,"MBBS, DNB, DGO",Gynaecologist,skedoc.com/hyderabad/doctor/dr-puja-lavania-gynaecologist
Dr. D.Jaya Lakshmi,"MBBS, MS (OBG)",Gynaecologist,skedoc.com/hyderabad/doctor/dr-d-jaya-lakshmi-gynaecologist
Dr. Ramesh Babu Dasari,"MBBS , MD (Paed)",Paediatrician,skedoc.com/hyderabad/doctor/dr-ramesh-babu-dasari-paediatrician
Dr. D.V. Srinivas,"MBBS, MD, DM (Gastro)",Gastroenterologist,skedoc.com/hyderabad/doctor/dr-d-v-srinivas-gastroenterologist
Dr. Preethi Swaroop,"MBBS,  DPM, FIPS",Psychiatrist,skedoc.com/hyderabad/doctor/dr-preethi-swaroop-psychiatrist
Dr. R K L Jaiswal,"MBBS, D.Ortho, DNB(Ortho), MNAMS, M.Ch (Ortho)",Orthopaedic Surgeon,skedoc.com/hyderabad/doctor/dr-r-k-l-jaiswal-orthopaedic-surgeon
Dr. T. Rajani Ashok,"MBBS, MD (OBG)",Gynaecologist,skedoc.com/hyderabad/doctor/dr-t-rajani-ashok-gynaecologist
Dr. G.Harinath Rao,"MBBS, MS (Orthopaedics)",Orthopaedic Surgeon,skedoc.com/hyderabad/doctor/dr-g-harinath-rao-orthopaedic-surgeon
Dr. J. Rajesh,"MBBS, MS, MCh (Plastic Surgery)",Plastic surgeon,skedoc.com/hyderabad/doctor/dr-j-rajesh-plastic-surgeon
Dr. Janardhan Ashok Upadhyaya,"MBBS, MD (DVL)",Dermatologist,skedoc.com/hyderabad/doctor/dr-janardhan-ashok-upadhyaya-dermatologist
Dr. M.Kalpana,"MBBS, DNB (Obstetrics and Gynaecology)",Gynaecologist,skedoc.com/hyderabad/doctor/dr-m-kalpana-gynaecologist
Dr. Pratik Yashavant Patil,"MBBS, DNB",Infectious Diseases Specialist,skedoc.com/hyderabad/doctor/dr-pratik-yashavant-patil-infectious-diseases-specialist
Dr. Shailaja Gurujala,"MBBS, MD, DGO, FICOG",Gynaecologist,skedoc.com/hyderabad/doctor/dr-shailaja-gurujala-gynaecologist
Dr. Sushanth M. V,"MBBS, MS (Orthopaedics)",Orthopaedic Surgeon,skedoc.com/hyderabad/doctor/dr-sushanth-m-v-orthopaedic-surgeon
Dr.Pradnya Kamble,"MBBS, PGDHS",Diabetologist,skedoc.com/hyderabad/doctor/dr-pradnya-kamble-diabetologist
Dr. Akanshi Singh,"MBBS, MD (OBG)",Gynaecologist,skedoc.com/hyderabad/doctor/dr-akanshi-singh-gynaecologist
Dr. Guru Prasad Reddy,"MBBS, MS, MCh (Plastic Surgery)",Plastic surgeon,skedoc.com/hyderabad/doctor/dr-guru-prasad-reddy-plastic-surgeon
Dr. Harinder,"MBBS, MD (Paediatrics), PDCR",Paediatrician,skedoc.com/hyderabad/doctor/dr-harinder-paediatrician
Dr. Madhu Mohan Reddy B,"MBBS, MS, FRCS,  MCh",Paediatric Surgeon,skedoc.com/hyderabad/doctor/dr-madhu-mohan-reddy-b-paediatric-surgeon
Dr. Meeta,"MBBS, MD (OBG)",Gynaecologist,skedoc.com/hyderabad/doctor/dr-meeta-gynaecologist
Dr. Mounika Boppana,"MBBS, MD, DNB (Medical Oncology)",Medical Oncologist,skedoc.com/hyderabad/doctor/dr-mounika-boppana-medical-oncologist
Dr. N.C.K.Reddy,"MBBS, MS, MCh",Paediatric Surgeon,skedoc.com/hyderabad/doctor/dr-n-c-k-reddy-paediatric-surgeon
Dr. Nikhil Sunkarineni,"MBBS, MD, DM (Neurology)",Neurologist,skedoc.com/hyderabad/doctor/dr-nikhil-sunkarineni-neurologist
Dr. Nishant Sunkarineni,"MBBS, MD, DM (Gen Medicine)",Cardiologist,skedoc.com/hyderabad/doctor/dr-nishant-sunkarineni-cardiologist
Dr. Ratna Babu Kollabattula,"MBBS, DTCD,",Pulmonologist,skedoc.com/hyderabad/doctor/dr-ratna-babu-kollabattula-pulmonologist
Dr. S. Naunihal Singh,"MBBS, D Ch (Paediatrics)",Paediatrician,skedoc.com/hyderabad/doctor/dr-s-naunihal-singh-paediatrician
Dr. Saketh Kolla,"MBBS, MS (Ortho)",Orthopaedic Surgeon,skedoc.com/hyderabad/doctor/dr-saketh-kolla-orthopaedic-surgeon
Dr. Surendra Reddy Banka,"MBBS, MS, M Ch (Urology)",Urologist,skedoc.com/hyderabad/doctor/dr-surendra-reddy-banka-urologist
Dr. Syeda Mohammedi Begum,M Sc (Nutrition),Nutritionist/Dietitian,skedoc.com/hyderabad/doctor/dr-syeda-mohammedi-begum-nutritionist-dietitian
Dr. Tanvir,"MBBS, MS (OBG), PDCR",Gynaecologist,skedoc.com/hyderabad/doctor/dr-tanvir-gynaecologist
Dr. M.Chandra Sekhar Reddy,"MBBS, MD, DNB, DM (Neurology)",Neurologist,skedoc.com/hyderabad/doctor/dr-m-chandra-sekhar-reddy-neurologist
Dr. Prasad Venkata Madina,"MBBS, DNB, D.Ortho",Orthopaedic Surgeon,skedoc.com/hyderabad/doctor/dr-prasad-venkata-madina-orthopaedic-surgeon
Dr. Eshwar Reddy Ravula,"MBBS, MD (Psychiatry)",Psychiatrist,skedoc.com/hyderabad/doctor/dr-eshwar-reddy-ravula-psychiatrist
Dr. Madan Mohan,"MBBS, MS, MCh (Orthopaedics)",Orthopaedic Surgeon,skedoc.com/hyderabad/doctor/dr-madan-mohan-orthopaedic-surgeon
Dr. Nikhil Sunkarineni,"MBBS, MD, DM (Neurology)",Neurologist,skedoc.com/hyderabad/doctor/dr-nikhil-sunkarineni-neurologist
Dr. Nishant Sunkarineni,"MBBS, MD, DM (Gen Medicine)",Cardiologist,skedoc.com/hyderabad/doctor/dr-nishant-sunkarineni-cardiologist
Dr. Praveen Kumar Etta,"MBBS, MD, DM (Nephrology)",Nephrologist,skedoc.com/hyderabad/doctor/dr-praveen-kumar-etta-nephrologist
Dr. S. Venkateshwar Rao,"MBBS, MD, DCh (Paediatrics)",Paediatrician,skedoc.com/hyderabad/doctor/dr-s-venkateshwar-rao-paediatrician
Dr. Mallikarjun,"MBBS, D Ch (Paediatrics)",Paediatrician,skedoc.com/hyderabad/doctor/dr-mallikarjun-paediatrician
Dr. Ramesh Mamidala,"MBBS, MS (Orthopaedics)",Orthopaedic Surgeon,skedoc.com/hyderabad/doctor/dr-ramesh-mamidala-orthopaedic-surgeon
Dr. Vasantha Jella,"MBBS, MD (Gen Medicine)",General Physician,skedoc.com/hyderabad/doctor/dr-vasantha-jella-general-physician
Dr. Ajit Mogalgiddi,"MBBS, MD (Psychiatry)",Psychiatrist,skedoc.com/hyderabad/doctor/dr-ajit-mogalgiddi-psychiatrist
Dr. Anish Kumar Jain,"MBBS, D.Ortho",Orthopaedic Surgeon,skedoc.com/hyderabad/doctor/dr-anish-kumar-jain-orthopaedic-surgeon
Dr. Deepak Koppaka,"MBBS, MD (RT), DM (Medical Onco)",Medical Oncologist,skedoc.com/hyderabad/doctor/dr-deepak-koppaka-medical-oncologist
Dr. Inala Dhanalakshmi,"MBBS, DNB (General Medicine)",General Physician,skedoc.com/hyderabad/doctor/dr-inala-dhanalakshmi-general-physician
Dr. K K Reddy Sadu,"MBBS, DTCD",Pulmonologist,skedoc.com/hyderabad/doctor/dr-k-k-reddy-sadu-pulmonologist
Dr. Raghavendra H.,"MBBS, MS, MCh (Neurosurgery)",Neuro Surgeon,skedoc.com/hyderabad/doctor/dr-raghavendra-h-neuro-surgeon
Dr. Ramakrishna Nalluri,MDS (Endodontics),Dentist,skedoc.com/hyderabad/doctor/dr-ramakrishna-nalluri-dentist
Dr. Sunitha Nalluri,BDS,Dentist,skedoc.com/hyderabad/doctor/dr-sunitha-nalluri-dentist
Dr. K Sowmya Reddy,"MBBS, MS (OBG), DGO",Gynaecologist,skedoc.com/hyderabad/doctor/dr-k-sowmya-reddy-gynaecologist
Dr. T Vinay Kumar,"MBBS, MS (Orthopaedics)",Orthopaedic Surgeon,skedoc.com/hyderabad/doctor/dr-t-vinay-kumar-orthopaedic-surgeon
Dr. Vikas Gowd,MDS,Dentist,skedoc.com/hyderabad/doctor/dr-vikas-gowd-dentist
Dr. Padma Kiran Pannem,"MBBS, DGO , MRCOG, Diploma in Coloproctology",Gynaecologist,skedoc.com/hyderabad/doctor/dr-padma-kiran-pannem-gynaecologist
Dr. Ramesh Kumar Pitchika,"MBBS, DLO, MRCS",ENT Surgeon,skedoc.com/hyderabad/doctor/dr-ramesh-kumar-pitchika-ent-surgeon
Dr. Mohammed Qamruddin,"MBBS, MS (Oph)",Ophthalmologist,skedoc.com/hyderabad/doctor/dr-mohammed-qamruddin-ophthalmologist
Dr. Gangadhar Kyasunurmatam,"MBBS, MS (Gen Surgery)",General Surgeon,skedoc.com/hyderabad/doctor/dr-gangadhar-kyasunurmatam-general-surgeon
Dr. K Nirmala,"MBBS, DGO",Gynaecologist,skedoc.com/hyderabad/doctor/dr-k-nirmala-gynaecologist
Dr.G. Ramesh,"MBBS, MS (Orthopaedics)",Orthopaedic Surgeon,skedoc.com/hyderabad/doctor/dr-g-ramesh-orthopaedic-surgeon
Dr. N.C.K.Reddy,"MBBS, MS, MCh",Paediatric Surgeon,skedoc.com/hyderabad/doctor/dr-n-c-k-reddy-paediatric-surgeon
Dr. Chandra Shekhar Reddy,"MBBS, DOMS, FGO",Ophthalmologist,skedoc.com/hyderabad/doctor/dr-chandra-shekhar-reddy-ophthalmologist
Dr. M Deepika Reddy,"MBBS, MS (Ophthalmology)",Ophthalmologist,skedoc.com/hyderabad/doctor/dr-m-deepika-reddy-ophthalmologist
Dr. Aditya Kapoor,"MBBS, MS (Ortho), MRCS (Edinburgh)",Orthopaedic Surgeon,skedoc.com/hyderabad/doctor/dr-aditya-kapoor-orthopaedic-surgeon
Dr. Archana Prathipati,"MBBS, MD, DNB (Radiotherapy), ESMO, FRCR",Radiation Oncologist,skedoc.com/hyderabad/doctor/dr-archana-prathipati-radiation-oncologist
Dr. B. Vennela,"MBBS, MS (ENT)",ENT Surgeon,skedoc.com/hyderabad/doctor/dr-b-vennela-ent-surgeon
Dr. Ch. Mohana Vamsy,"MBBS, MS, DNB, MCh (Surg Onco), FRCS",Surgical Oncologist,skedoc.com/hyderabad/doctor/dr-ch-mohana-vamsy-surgical-oncologist
Dr. Ch.Shyny Reddy,"MBBS, MD, DM (Medical Oncology)",Medical Oncologist,skedoc.com/hyderabad/doctor/dr-ch-shyny-reddy-medical-oncologist
Dr. Dindi Arun Kumar,"MBBS, MD, DNB (Nephrology)",Nephrologist,skedoc.com/hyderabad/doctor/dr-dindi-arun-kumar-nephrologist
Dr. Dudipala Raghuveer Reddy,"MBBS, MS, MCh (Plastic Surgery)",Plastic surgeon,skedoc.com/hyderabad/doctor/dr-dudipala-raghuveer-reddy-plastic-surgeon
Dr. Ganesh Mathan,"MBBS, MD, DM (Cardiology)",Cardiologist,skedoc.com/hyderabad/doctor/dr-ganesh-mathan-cardiologist
Dr. Hidayath Hussain,"MBBS, DNB (Pulmo), DTCD",Pulmonologist,skedoc.com/hyderabad/doctor/dr-hidayath-hussain-pulmonologist
Dr. Immadi Nikhil,"MBBS, MD (Gen Medicine)",General Physician,skedoc.com/hyderabad/doctor/dr-immadi-nikhil-general-physician
Dr. Kaushal Gulab Vira,"MBBS, DNB (General Surgery), DNB (Surgical Oncology)",Surgical Oncologist,skedoc.com/hyderabad/doctor/dr-kaushal-gulab-vira-surgical-oncologist
Dr. Koya Kishore,"BDS, FAGE",Dentist,skedoc.com/hyderabad/doctor/dr-koya-kishore-dentist
Dr. Nirni S.S.,"MBBS, MD, DM (Medical Oncology)",Medical Oncologist,skedoc.com/hyderabad/doctor/dr-nirni-s-s-medical-oncologist
Dr. P.Padmaja,"MBBS, MD (OBG)",Gynaecologist,skedoc.com/hyderabad/doctor/dr-p-padmaja-gynaecologist
Dr. Prathyusha Mikkilineni,"MBBS, MD (Psychiatry)",Psychiatrist,skedoc.com/hyderabad/doctor/dr-prathyusha-mikkilineni-psychiatrist
Dr. Raghu Vamsi Misala,"MBBS, MD (Pulmonology), FIIP",Pulmonologist,skedoc.com/hyderabad/doctor/dr-raghu-vamsi-misala-pulmonologist
Dr. Rahul V Chetan,"MBBS, MS, M Ch (Urology)",Urologist,skedoc.com/hyderabad/doctor/dr-rahul-v-chetan-urologist
Dr. Rakesh Chava,"MBBS, MD, DNB (Gastroenterology)",Gastroenterologist,skedoc.com/hyderabad/doctor/dr-rakesh-chava-gastroenterologist
Dr. Samragni Vasireddy,"MBBS, MD (General Medicine)",General Physician,skedoc.com/hyderabad/doctor/dr-samragni-vasireddy-general-physician
Dr. Saurabh Joshi,"MBBS, MS, FMAS",Surgical Oncologist,skedoc.com/hyderabad/doctor/dr-saurabh-joshi-surgical-oncologist
Dr. Sharankumar Shetty,"MBBS, MS (ENT), M Ch (Head and Neck Surgical Oncology)",Surgical Oncologist,skedoc.com/hyderabad/doctor/dr-sharankumar-shetty-surgical-oncologist
Dr. Surendra Bathula,"MBBS, MD, DM (Medical Oncology)",Medical Oncologist,skedoc.com/hyderabad/doctor/dr-surendra-bathula-medical-oncologist
Dr. T Narasimha Rao,"MBBS, MS, MCh (Neurosurgery)",Neuro Surgeon,skedoc.com/hyderabad/doctor/dr-t-narasimha-rao-neuro-surgeon
Dr. V. Rama Mohan Reddy,"MBBS, MD (RT), DNB (Gen Surg)",Radiation Oncologist,skedoc.com/hyderabad/doctor/dr-v-rama-mohan-reddy-radiation-oncologist
Dr. Vemuri Venkata Ramana,"MBBS, MS, DNB (Orthopaedics)",Orthopaedic Surgeon,skedoc.com/hyderabad/doctor/dr-vemuri-venkata-ramana-orthopaedic-surgeon
Dr. Vikram Sharma,"MBBS, MD, MRCP, Dip. Neurology, FAAN",Neurologist,skedoc.com/hyderabad/doctor/dr-vikram-sharma-neurologist
Dr. Vindhya Vasini Andra,"MBBS, MD, DM (Med Onco)",Medical Oncologist,skedoc.com/hyderabad/doctor/dr-vindhya-vasini-andra-medical-oncologist
Dr. A. Dinakar Reddy,"MBBS, MS, MCh (Surgical Gastro), FIAGES",Surgical Gastroenterologist,skedoc.com/hyderabad/doctor/dr-a-dinakar-reddy-surgical-gastroenterologist
Dr. A.Hima Deepti,"MBBS, MD, DM (Nephrology)",Nephrologist,skedoc.com/hyderabad/doctor/dr-a-hima-deepti-nephrologist
Dr. Ch. Hanumantha Rao,"MBBS, MD, IDCCM, EDIC, IFCCM",Pulmonologist,skedoc.com/hyderabad/doctor/dr-ch-hanumantha-rao-pulmonologist
Dr. G. Vishnu,"MBBS, MD (Psychiatry)",Psychiatrist,skedoc.com/hyderabad/doctor/dr-g-vishnu-psychiatrist
Dr. Gurrala Sharath Chandra Reddy,"MBBS, MS, MRCS, CCT, MCh (Plastic Surgery)",Plastic surgeon,skedoc.com/hyderabad/doctor/dr-gurrala-sharath-chandra-reddy-plastic-surgeon
Dr. K.Sandeep Reddy,"MBBS, MD (Gen Medicine)",General Physician,skedoc.com/hyderabad/doctor/dr-k-sandeep-reddy-general-physician
Dr. Khizar Raoof,"MBBS, MS, M Ch (Urology)",Urologist,skedoc.com/hyderabad/doctor/dr-khizar-raoof-urologist
Dr. Kundan Kumar Jha,"MBBS, DNB (Orthopaedics)",Orthopaedic Surgeon,skedoc.com/hyderabad/doctor/dr-kundan-kumar-jha-orthopaedic-surgeon
Dr. Lokesh Venkat Bheemisetty,"MBBS, MS (Orthopaedics)",Orthopaedic Surgeon,skedoc.com/hyderabad/doctor/dr-lokesh-venkat-bheemisetty-orthopaedic-surgeon
Dr. M.A Raoof,"MBBS, Diploma in Urology, PGCERT",Urologist,skedoc.com/hyderabad/doctor/dr-m-a-raoof-urologist
Dr. Manjula Anagani,"MBBS, MD (OBG), FICOG",Gynaecologist,skedoc.com/hyderabad/doctor/dr-manjula-anagani-gynaecologist
Dr. N Subha Soujanya,"MBBS, DNB (Pulmo)",Pulmonologist,skedoc.com/hyderabad/doctor/dr-n-subha-soujanya-pulmonologist
Dr. N. Dhananjaneya Reddy,"MBBS, MD, DM (Cardiology)",Cardiologist,skedoc.com/hyderabad/doctor/dr-n-dhananjaneya-reddy-cardiologist
Dr. N. Sandesh,"MBBS, DNB, DM (Neurology)",Neurologist,skedoc.com/hyderabad/doctor/dr-n-sandesh-neurologist
Dr. P. Vijay Karan Reddy,"MBBS, MD (Radiation Oncology)",Radiation Oncologist,skedoc.com/hyderabad/doctor/dr-p-vijay-karan-reddy-radiation-oncologist
Dr. Prabhat Lakkireddi,"MBBS, MS (Orthopaedics), MRCS, FRCS,",Orthopaedic Surgeon,skedoc.com/hyderabad/doctor/dr-prabhat-lakkireddi-orthopaedic-surgeon
Dr. Prudwiraj Sanamandra,"MBBS, MD, DM (Endocrinology)",Endocrinologist,skedoc.com/hyderabad/doctor/dr-prudwiraj-sanamandra-endocrinologist
Dr. R. Sindura Ganga,"MBBS, MS (Gynaecology& Obstetrics), CIMP",Gynaecologist,skedoc.com/hyderabad/doctor/dr-r-sindura-ganga-gynaecologist
Dr. Ramakrishna Chowdhary,"MBBS, MS, MCh (Neurosurgery)",Neuro Surgeon,skedoc.com/hyderabad/doctor/dr-ramakrishna-chowdhary-neuro-surgeon
Dr. Ravali Yalamanchili,"MBBS, MD ( DVL)",Dermatologist,skedoc.com/hyderabad/doctor/dr-ravali-yalamanchili-dermatologist
Dr. Raveesh Sunkara,"MBBS, MS, MCh (Neurosurgery)",Neuro Surgeon,skedoc.com/hyderabad/doctor/dr-raveesh-sunkara-neuro-surgeon
Dr. Saadvik Raghuram Y,"MBBS, MD, DM (Medical Oncology), PDCR",Medical Oncologist,skedoc.com/hyderabad/doctor/dr-saadvik-raghuram-y-medical-oncologist
Dr. Samar Sen Popuri,"MBBS, MD (Gen Medicine)",General Physician,skedoc.com/hyderabad/doctor/dr-samar-sen-popuri-general-physician
Dr. Shilpa P,"MBBS, DNB (OBG), DGO",Gynaecologist,skedoc.com/hyderabad/doctor/dr-shilpa-p-gynaecologist
Dr. Shravani Duba,"MBBS, MS (General Surger), FALS",General Surgeon,skedoc.com/hyderabad/doctor/dr-shravani-duba-general-surgeon
Dr. Sneha Latha Paritala,"MBBS, MS (Gynaecology& Obstetrics), CIMP",Gynaecologist,skedoc.com/hyderabad/doctor/dr-sneha-latha-paritala-gynaecologist
Dr. Surendra Ugale,"MBBS, MS (Gen Surgery)",General Surgeon,skedoc.com/hyderabad/doctor/dr-surendra-ugale-general-surgeon
Dr. Thondapu Pavan Reddy,"MBBS, MD, DM (Gastroenterology)",Gastroenterologist,skedoc.com/hyderabad/doctor/dr-thondapu-pavan-reddy-gastroenterologist
Dr. Vemula Sreekanth,"MBBS, MD, DM (Neurology)",Neurologist,skedoc.com/hyderabad/doctor/dr-vemula-sreekanth-neurologist
Dr. Virinchi Sharma,"MBBS, MD (Psychiatry)",Psychiatrist,skedoc.com/hyderabad/doctor/dr-virinchi-sharma-psychiatrist
Dr. Y. Satish Reddy,"MBBS, MS (General Surgery), FIAGES, FALS",Surgical Gastroenterologist,skedoc.com/hyderabad/doctor/dr-y-satish-reddy-surgical-gastroenterologist
Dr.Venkata Ramakrishna T,"MBBS, MS, Fellowship in Spine Surgery",Spine Surgeon,skedoc.com/hyderabad/doctor/dr-venkata-ramakrishna-t-spine-surgeon
Dr. Abhinandan Badam,"MBBS, DNB, MCh (Plastic Surgery)",Plastic surgeon,skedoc.com/hyderabad/doctor/dr-abhinandan-badam-plastic-surgeon
Dr. Anitha Rayirala,"MBBS, MD (Psychiatry)",Psychiatrist,skedoc.com/hyderabad/doctor/dr-anitha-rayirala-psychiatrist
Dr. Anusha Madamanchi,"MBBS, DNB (Paediatrics), MRCPCH",Paediatrician,skedoc.com/hyderabad/doctor/dr-anusha-madamanchi-paediatrician
Dr. Deepthi Rayi,"MBBS, DCh, DNB (Paediatrics)",Paediatrician,skedoc.com/hyderabad/doctor/dr-deepthi-rayi-paediatric-surgeon
Dr. G. V. Raj Gopal,"MBBS, MS, M Ch (Urology)",Urologist,skedoc.com/hyderabad/doctor/dr-g-v-raj-gopal-urologist
Dr. Imran Ul Haq,"MBBS, MD, DNB (Cardiology)",Cardiologist,skedoc.com/hyderabad/doctor/dr-imran-ul-haq-cardiologist
Dr. K.C Gotham,"MBBS, MD (RT)",Radiation Oncologist,skedoc.com/hyderabad/doctor/dr-k-c-gotham-radiation-oncologist
Dr. Kajaree Giri,"MBBS, MD Internal Medicine, DM Nephrology",Nephrologist,skedoc.com/hyderabad/doctor/dr-kajaree-giri-nephrologist
Dr. Kishore B Reddy,"MBBS, D.Ortho, MS(Ortho), FBST",Orthopaedic Surgeon,skedoc.com/hyderabad/doctor/dr-kishore-b-reddy-orthopaedic-surgeon
Dr. Lingaiah Miryala,"MBBS, MD (General Medicine)",General Physician,skedoc.com/hyderabad/doctor/dr-lingaiah-miryala-general-physician
Dr. M. Praveen Kumar,"MBBS, DNB (ENT)",ENT Surgeon,skedoc.com/hyderabad/doctor/dr-m-praveen-kumar-ent-surgeon
Dr. M.Chandra Sekhar,"MBBS, MD (Paediatrics)",Paediatrician,skedoc.com/hyderabad/doctor/dr-m-chandra-sekhar-paediatrician
Dr. Mohammed Muzahid,"MBBS, MS, MCh (Neurosurgery)",Neuro Surgeon,skedoc.com/hyderabad/doctor/dr-mohammed-muzahid-neuro-surgeon
Dr. Ponnada Pravallika,"MBBS, MS (General Surgery)",General Surgeon,skedoc.com/hyderabad/doctor/dr-ponnada-pravallika-general-surgeon
Dr. Rahul Patibandla,"MBBS, MD, DNB (Nephrology)",Nephrologist,skedoc.com/hyderabad/doctor/dr-rahul-patibandla-nephrologist
Dr. Ravindra Kumar Sravanam,"MBBS, MD (Gen Med)",General Physician,skedoc.com/hyderabad/doctor/dr-ravindra-kumar-sravanam-general-physician
Dr. Ritu Bhavanam Reddy,MDS,Dentist,skedoc.com/hyderabad/doctor/dr-ritu-bhavanam-reddy-dentist
Dr. S V S Abhilash Kumar,"MBBS, MS (Orthopaedics)",Orthopaedic Surgeon,skedoc.com/hyderabad/doctor/dr-s-v-s-abhilash-kumar-orthopaedic-surgeon
Dr. Sai Viksheth Basani,"MBBS, D. Ortho, DNB , FASSI, FMISS",Spine Surgeon,skedoc.com/hyderabad/doctor/dr-sai-viksheth-basani-spine-surgeon
Dr. Samyuktha Agiri,"MBBS, MS (ENT)",ENT Surgeon,skedoc.com/hyderabad/doctor/dr-samyuktha-agiri-ent-surgeon
Dr. Santoshini Nemuri,"MBBS, MS (Orthopaedics)",Orthopaedic Surgeon,skedoc.com/hyderabad/doctor/dr-santoshini-nemuri-orthopaedic-surgeon
Dr. Sridevi K,"MBBS, DNB (Obstetrics and Gynaecology)",Gynaecologist,skedoc.com/hyderabad/doctor/dr-sridevi-k-gynaecologist
Dr. Sriram Srikakulapu,"MBBS, MD, DM (Gastroenterology)",Gastroenterologist,skedoc.com/hyderabad/doctor/dr-sriram-srikakulapu-gastroenterologist
Dr. Sriteja Devalla,"MBBS, MD (Skin & VD)",Dermatologist,skedoc.com/hyderabad/doctor/dr-sriteja-devalla-dermatologist
Dr. Sriteja Vemulapalli,"MBBS, MD (DVL)",Dermatologist,skedoc.com/hyderabad/doctor/dr-sriteja-vemulapalli-dermatologist
Dr. Subhangi Thakur Hameer,"MBBS, MD, DM Neurology",Neurologist,skedoc.com/hyderabad/doctor/dr-subhangi-thakur-hameer-neurologist
Dr. T. Jayaprada,"MBBS, MD (OBG)",Gynaecologist,skedoc.com/hyderabad/doctor/dr-t-jayaprada-gynaecologist
Dr. Tagore Mohan Grandhi,"MBBS, MS (General Surgery), FRCS",General Surgeon,skedoc.com/hyderabad/doctor/dr-tagore-mohan-grandhi-general-surgeon
Dr. V. Harish Kumar,"MBBS, DNB, DTCD, MNAMS",Pulmonologist,skedoc.com/hyderabad/doctor/dr-v-harish-kumar-pulmonologist
Dr. Venkateswara Kumar,"MBBS, MS, DNB (Surgical Oncology), FMAS, FIAGES",Surgical Oncologist,skedoc.com/hyderabad/doctor/dr-venkateswara-kumar-surgical-oncologist
Dr. Arun Kumar Donakonda,"MBBS, MD, DM (Nephrology)",Nephrologist,skedoc.com/hyderabad/doctor/dr-arun-kumar-donakonda-nephrologist
Dr. H.Yasaswini,"MBBS, MS (Gen Surgery)",General Surgeon,skedoc.com/hyderabad/doctor/dr-h-yasaswini-general-surgeon
Dr. Krishna Bojja,"MBBS, MS (ENT)",ENT Surgeon,skedoc.com/hyderabad/doctor/dr-krishna-bojja-ent-surgeon
Dr. Krishna Moorthy,"MBBS, MS, MCh (Plastic Surgery)",Plastic surgeon,skedoc.com/hyderabad/doctor/dr-krishna-moorthy-plastic-surgeon
Dr. L. Harish Rao,"MBBS, MD (Pulmonology)",Pulmonologist,skedoc.com/hyderabad/doctor/dr-l-harish-rao-pulmonologist
Dr. Moka Praneeth,"MBBS, MD, DM (Gastro)",Gastroenterologist,skedoc.com/hyderabad/doctor/dr-moka-praneeth-gastroenterologist
Dr. Ponaganti Nishanth,"MBBS, DNB, DM (Neurology)",Neurologist,skedoc.com/hyderabad/doctor/dr-ponaganti-nishanth-neurologist
Dr. R. Sandeep,"MBBS, MS (Orthopaedics)",Orthopaedic Surgeon,skedoc.com/hyderabad/doctor/dr-r-sandeep-orthopaedic-surgeon
Dr. Vikram Akavaram,"MBBS, DPM, FIPS",Psychiatrist,skedoc.com/hyderabad/doctor/dr-vikram-akavaram-psychiatrist
Dr.G.L. Phani Raj,"MBBS, MCh (Neurosurgery)",Neuro Surgeon,skedoc.com/hyderabad/doctor/dr-g-l-phani-raj-neuro-surgeon
DR. K. Keerthikar Reddy,"MBBS, MS (Orthopaedics)",Orthopaedic Surgeon,skedoc.com/hyderabad/doctor/dr-k-keerthikar-reddy-orthopaedic-surgeon
DR. PRAWAHAR CHILUVERU,"MBBS, MS (ENT)",ENT Surgeon,skedoc.com/hyderabad/doctor/dr-prawahar-chiluveru-ent-surgeon
Dr Shyam Rao,"MBBS, DCH (Paediatrics)",Paediatrician,skedoc.com/hyderabad/doctor/dr-shyam-rao-paediatrician
Dr. Aparna Krishnappa,"MBBS, MD (DVL)",Dermatologist,skedoc.com/hyderabad/doctor/dr-aparna-krishnappa-dermatologist
Dr. Aruna Kumari,"MBBS, DNB, DGO",Gynaecologist,skedoc.com/hyderabad/doctor/dr-aruna-kumari-gynaecologist
Dr. Ch. Revanth Chakravarthy,"MBBS, DNB, DM (Rheumatology)",Rheumatologist,skedoc.com/hyderabad/doctor/dr-ch-revanth-chakravarthy-rheumatologist
Dr. D.V.L. Narayana Rao,"MBBS, MS, MCh (Surg Gastro)",Surgical Gastroenterologist,skedoc.com/hyderabad/doctor/dr-d-v-l-narayana-rao-surgical-gastroenterologist
Dr. Hidayatullah. G,"MBBS, MS, M Ch (Urology)",Urologist,skedoc.com/hyderabad/doctor/dr-hidayatullah-g-urologist
Dr. K. Srinivas,"MBBS, DCh (Paediatrics), PGPN",Paediatrician,skedoc.com/hyderabad/doctor/dr-k-srinivas-paediatrician
Dr. K.Sarat Chandra,"MBBS, MD, DM (Cardiology), FACC, FESC, FCSI",Cardiologist,skedoc.com/hyderabad/doctor/dr-k-sarat-chandra-cardiologist
Dr. Kancherla Srinivas,"MBBS, D Ch",Paediatrician,skedoc.com/hyderabad/doctor/dr-kancherla-srinivas-paediatrician
Dr. Krishna Prabakar,"MBBS, MD (Gen Medicine)",General Physician,skedoc.com/hyderabad/doctor/dr-krishna-prabakar-general-physician
Dr. L. Arjun Raj Kumar,"MBBS, MD (Paediatrics)",Paediatrician,skedoc.com/hyderabad/doctor/dr-l-arjun-raj-kumar-paediatrician
Dr. M. V. S. Keerthi,"MBBS, DNB, DTCD",Pulmonologist,skedoc.com/hyderabad/doctor/dr-m-v-s-keerthi-pulmonologist
Dr. M.Alluru Sarath Chandra,"MBBS, MS, MCh (CT)",Cardio Thoracic Surgeon,skedoc.com/hyderabad/doctor/dr-m-alluru-sarath-chandra-cardio-thoracic-surgeon
Dr. N.Pavan Kumar,"MBBS, MD, DM (Nephrology)",Nephrologist,skedoc.com/hyderabad/doctor/dr-n-pavan-kumar-nephrologist
Dr. Naresh Kumar G,"MBBS, MS, MCh (Neurosurgery)",Neuro Surgeon,skedoc.com/hyderabad/doctor/dr-naresh-kumar-g-neuro-surgeon
Dr. Rohith Reddy Pathuri,"MBBS, MD (Pulmonology), CCPM, CMD",Pulmonologist,skedoc.com/hyderabad/doctor/dr-rohith-reddy-pathuri-pulmonologist
Dr. Rose Mary,"MBBS, MD, DM (Gastro)",Gastroenterologist,skedoc.com/hyderabad/doctor/dr-rose-mary-gastroenterologist
Dr. S. A. Swathi,"MBBS, MS, MCh (Plastic Surgery)",Plastic surgeon,skedoc.com/hyderabad/doctor/dr-s-a-swathi-plastic-surgeon
Dr. Sameer Azad Mahendra,"MDS,",Dentist,skedoc.com/hyderabad/doctor/dr-sameer-azad-mahendra-dentist
Dr. Santhosh Kumar Padakanti,"MBBS, DNB (CT Surgery)",Cardio Thoracic Surgeon,skedoc.com/hyderabad/doctor/dr-santhosh-kumar-padakanti-cardio-thoracic-surgeon
Dr. Seshivardhan Janjirala,"MBBS, DNB, DM (Cardiology)",Cardiologist,skedoc.com/hyderabad/doctor/dr-seshivardhan-janjirala-cardiologist
Dr. Shyam Sunder Reddy,"MBBS, DNB (Orthopaedics)",Orthopaedic Surgeon,skedoc.com/hyderabad/doctor/dr-shyam-sunder-reddy-orthopaedic-surgeon
Dr. Sreepada Venkata Subramanyam,"MBBS, MD , DNB (Nephrology), MISN, FSRH",Nephrologist,skedoc.com/hyderabad/doctor/dr-sreepada-venkata-subramanyam-nephrologist
Dr. Sudha S,"MBBS, MD, DGO, FMAS",Gynaecologist,skedoc.com/hyderabad/doctor/dr-sudha-s-gynaecologist
Dr. Swapna Palakurthi,"MBBS, MS, M Ch (Paediatric Surgery)",Paediatric Surgeon,skedoc.com/hyderabad/doctor/dr-swapna-palakurthi-paediatric-surgeon
Dr. Syed Murtaza Ahmed,"MBBS, DNB (General Surgery), DNB (Surgical oncology)",Surgical Oncologist,skedoc.com/hyderabad/doctor/dr-syed-murtaza-ahmed-surgical-oncologist
Dr. Thajammul Samrin,"MBBS, MS (Obstetrics and Gynaecology)",Gynaecologist,skedoc.com/hyderabad/doctor/dr-thajammul-samrin-gynaecologist
Dr. U Azadh Chandrashekar,"MBBS, MS, MCh (Surgical Oncology)",Surgical Oncologist,skedoc.com/hyderabad/doctor/dr-u-azadh-chandrashekar-surgical-oncologist
Dr.Karthik Munagala,"MBBS, MS (ENT)",ENT Surgeon,skedoc.com/hyderabad/doctor/dr-karthik-munagala-ent-surgeon
Dr.M Shyam Sunder Reddy,"MBBS, MS (Ortho)",Orthopaedic Surgeon,skedoc.com/hyderabad/doctor/dr-m-shyam-sunder-reddy-orthopaedic-surgeon
Dr. B. Bhargavi,"MBBS, MD (Paediatrics)",Paediatrician,skedoc.com/hyderabad/doctor/dr-b-bhargavi-paediatrician
Dr. G. Navneetha,"MBBS, DNB",General Physician,skedoc.com/hyderabad/doctor/dr-g-navneetha-general-physician
Dr. Gopi Arrolla,"MBBS, DNB (Pulmonary Medicine)",Pulmonologist,skedoc.com/hyderabad/doctor/dr-gopi-arrolla-pulmonologist
Dr. Krishi Kumar Vadla,MPT,Physiotherapist,skedoc.com/hyderabad/doctor/dr-krishi-kumar-vadla-physiotherapist
Dr. N Praveen,"MBBS, MD, DNB (Cardiology)",Cardiologist,skedoc.com/hyderabad/doctor/dr-n-praveen-cardiologist
Dr. P. Krishna Chaitanya,"MBBS, DNB (General Surgery)",General Surgeon,skedoc.com/hyderabad/doctor/dr-p-krishna-chaitanya-general-surgeon
Dr. P.Swathi Reddy,"MBBS, MS (Obstetrics and Gynaecology)",Gynaecologist,skedoc.com/hyderabad/doctor/dr-p-swathi-reddy-gynaecologist
Dr. Ramesh Chepuru,"MBBS, DNB, DM (Neurology)",Neurologist,skedoc.com/hyderabad/doctor/dr-ramesh-chepuru-neurologist
Dr. Sudhir Davala,"MBBS, DNB, MRCGP",General Physician,skedoc.com/hyderabad/doctor/dr-sudhir-davala-general-physician
Dr. Ujwal Gajula,"MBBS, DNB (Med), DNB (Gastroenterology)",Gastroenterologist,skedoc.com/hyderabad/doctor/dr-ujwal-gajula-gastroenterologist
Dr. V. Naveen Reddy,"MBBS, DNB (Neurosurgery)",Neuro Surgeon,skedoc.com/hyderabad/doctor/dr-v-naveen-reddy-neuro-surgeon
Dr. Venkat Rami Reddy Kolli,"MBBS, MS (Orthopaedics)",Orthopaedic Surgeon,skedoc.com/hyderabad/doctor/dr-venkat-rami-reddy-kolli-orthopaedic-surgeon
Dr. Aijaz Baig,"MD (Physician) , PGDCC",Clinical Cardiologist,skedoc.com/hyderabad/doctor/dr-aijaz-baig-clinical-cardiologist
Dr. Akheel Ahmed,"MBBS, MS (Gen Surgery)",General Surgeon,skedoc.com/hyderabad/doctor/dr-akheel-ahmed-general-surgeon
Dr. Anfas Nusrath Pasha,"MBBS, MD (Gen Medicine)",General Physician,skedoc.com/hyderabad/doctor/dr-anfas-nusrath-pasha-general-physician
Dr. CH. Murali Kondaiah,"MBBS, MS (ENT)",ENT Surgeon,skedoc.com/hyderabad/doctor/dr-ch-murali-kondaiah-ent-surgeon
Dr. Fahad Abdullah,"MBBS, MD, FCCP",Pulmonologist,skedoc.com/hyderabad/doctor/dr-fahad-abdullah-pulmonologist
Dr. Faiz Hussain Mohammad,"MBBS, MS (Gen Surgery)",General Surgeon,skedoc.com/hyderabad/doctor/dr-faiz-hussain-mohammad-general-surgeon
Dr. Farha Naaz,"MBBS, MS (ENT)",ENT Surgeon,skedoc.com/hyderabad/doctor/dr-farha-naaz-ent-surgeon
Dr. Hidayatullah. G,"MBBS, MS, M Ch (Urology)",Urologist,skedoc.com/hyderabad/doctor/dr-hidayatullah-g-urologist
Dr. Humera Sulthana,"MBSS, DNB, FMAS",Gynaecologist,skedoc.com/hyderabad/doctor/dr-humera-sulthana-gynaecologist
Dr. K. Monica Bindu,"MBBS, DNB (Pulmonary Medicine)",Pulmonologist,skedoc.com/hyderabad/doctor/dr-k-monica-bindu-pulmonologist
Dr. M A Mukheem Mudabbir,"MBBS, MD, DM (Neurology)",Neurologist,skedoc.com/hyderabad/doctor/dr-m-a-mukheem-mudabbir-neurologist
Dr. MD Rehan Qureshi,"MBBS, MS, MCh (Plastic Surgery)",Plastic surgeon,skedoc.com/hyderabad/doctor/dr-md-rehan-qureshi-plastic-surgeon
Dr. Md. Nadeem Ahmed,"MBBS, MD, DM (Medical Oncology)",Medical Oncologist,skedoc.com/hyderabad/doctor/dr-md-nadeem-ahmed-medical-oncologist
Dr. Mohammad Nomaan,"MBBS, DNB,  D. Ortho",Orthopaedic Surgeon,skedoc.com/hyderabad/doctor/dr-mohammad-nomaan-orthopaedic-surgeon
Dr. Mohammed Abdul Bari,"MBBS, MS (Orthopaedics)",Orthopaedic Surgeon,skedoc.com/hyderabad/doctor/dr-mohammed-abdul-bari-orthopaedic-surgeon
Dr. Mohammed Adil Asfan,"MBBS, MS, MCh ( GI Surgery)",Surgical Gastroenterologist,skedoc.com/hyderabad/doctor/dr-mohammed-adil-asfan-surgical-gastroenterologist
Dr. Mohammed Fayazuddin,"MBBS, DNB, M Ch, DNB (Vascular Surgery)",Vascular Surgeon,skedoc.com/hyderabad/doctor/dr-mohammed-fayazuddin-vascular-surgeon
Dr. Mohammed Mujtaba Ali,"MBBS, MS, DNB MCh (Surg Onco), DNB (Surg Onco)",Surgical Oncologist,skedoc.com/hyderabad/doctor/dr-mohammed-mujtaba-ali-surgical-oncologist
Dr. Mohammed Muzahid,"MBBS, MS, MCh (Neurosurgery)",Neuro Surgeon,skedoc.com/hyderabad/doctor/dr-mohammed-muzahid-neuro-surgeon
Dr. Mohammed Sadiq Azam,"MBBS, MD, DNB (Cardiology)",Cardiologist,skedoc.com/hyderabad/doctor/dr-mohammed-sadiq-azam-cardiologist
Dr. Mohd Abdul Quddus,"MBBS, DTCD, DNB",Pulmonologist,skedoc.com/hyderabad/doctor/dr-mohd-abdul-quddus-pulmonologist
Dr. Mohd Ifthekhar Mohiuddin,"MBBS, MD (Gen Medicine)",General Physician,skedoc.com/hyderabad/doctor/dr-mohd-ifthekhar-mohiuddin-general-physician
Dr. Mubashir Ahmed,"MBBS, DNB (Paediatrics)",Paediatrician,skedoc.com/hyderabad/doctor/dr-mubashir-ahmed-paediatrician
Dr. Parag Dashatwar,"MBBS, MD, DNB (Gastroenterology)",Gastroenterologist,skedoc.com/hyderabad/doctor/dr-parag-dashatwar-gastroenterologist
Dr. Patel Sana Fathima,"MBBS, DGO",Gynaecologist,skedoc.com/hyderabad/doctor/dr-patel-sana-fathima-gynaecologist
Dr. Shabana Nazneen,"MBBS, MD, DM (Nephrology)",Nephrologist,skedoc.com/hyderabad/doctor/dr-shabana-nazneen-nephrologist
Dr. Shafi Najeeb,"MBBS, DNB (General Surgery)",General Surgeon,skedoc.com/hyderabad/doctor/dr-shafi-najeeb-general-surgeon
Dr. Shyam Sunder Rao C,"MBBS, MD, DM (Nephrology)",Nephrologist,skedoc.com/hyderabad/doctor/dr-shyam-sunder-rao-c-nephrologist
Dr. Aluri Vijayalakshmi,"MBBS, MS (OBG)",Gynaecologist,skedoc.com/hyderabad/doctor/dr-aluri-vijayalakshmi-gynaecologist
Dr. Annapureddy Jagadish,"MBBS, MD, DM (Neurology)",Neurologist,skedoc.com/hyderabad/doctor/dr-annapureddy-jagadish-neurologist
Dr. Anuradha Sharma,"MBBS, MS (Ophthalmology)",Ophthalmologist,skedoc.com/hyderabad/doctor/dr-anuradha-sharma-ophthalmologist
Dr. B. Padmanabha Varma,"MBBS, MD, DM (Endocrinology)",Endocrinologist,skedoc.com/hyderabad/doctor/dr-b-padmanabha-varma-endocrinologist
Dr. Elka Suresh,"MBBS, MD (General Medicine)",General Physician,skedoc.com/hyderabad/doctor/dr-elka-suresh-general-physician
Dr. G.V.S. Raghunath Babu,"MBBS, DNB (Med), DNB (Gastroenterology)",Gastroenterologist,skedoc.com/hyderabad/doctor/dr-g-v-s-raghunath-babu-gastroenterologist
Dr. Jaswanth Challa,"MBBS, MD, DM (Nephrology)",Nephrologist,skedoc.com/hyderabad/doctor/dr-jaswanth-challa-nephrologist
Dr. Kancharla Suresh Reddy,"MBBS, MD (Psychiatry)",Psychiatrist,skedoc.com/hyderabad/doctor/dr-kancharla-suresh-reddy-psychiatrist
Dr. M.Sandhya Swaroopa,"MBBS, MD",Pulmonologist,skedoc.com/hyderabad/doctor/dr-m-sandhya-swaroopa-pulmonologist
Dr. Naresh Aremanda,"MD, FIRH",Rheumatologist,skedoc.com/hyderabad/doctor/dr-naresh-aremanda-rheumatologist
Dr. Naveen Nukala,"MBBS, MS (Ophthalmology), FVRS",Ophthalmologist,skedoc.com/hyderabad/doctor/dr-naveen-nukala-ophthalmologist
Dr. Nisarga,"MBBS, MS, MCh (CTVS)",Cardio Thoracic Surgeon,skedoc.com/hyderabad/doctor/dr-nisarga-cardio-thoracic-surgeon
Dr. P. S.Gautam,"MBBS, MD, DM (Cardiology)",Cardiologist,skedoc.com/hyderabad/doctor/dr-p-s-gautam-cardiologist
Dr. P. Sukanya,M Sc (Nutrition),Nutritionist/Dietitian,skedoc.com/hyderabad/doctor/dr-p-sukanya-nutritionist-dietitian
Dr. Rahul Nag Namburi,"MBBS, MD, DM (Neurology)",Neurologist,skedoc.com/hyderabad/doctor/dr-rahul-nag-namburi-neurologist
Dr. S. Bhargava Reddy,"MBBS, MS (Gen Surg), DNB (Urology)",Urologist,skedoc.com/hyderabad/doctor/dr-s-bhargava-reddy-urologist
Dr. Sai Sahul Devineni,"MBBS, MD (General Medicine)",General Physician,skedoc.com/hyderabad/doctor/dr-sai-sahul-devineni-general-physician
Dr. Salla Vijay,"MBBS, DNB (Pulmonary Medicine)",Pulmonologist,skedoc.com/hyderabad/doctor/dr-salla-vijay-pulmonologist
Dr. Sameera Alluri,"MBBS, MD (OBG)",Gynaecologist,skedoc.com/hyderabad/doctor/dr-sameera-alluri-gynaecologist
Dr. Siva Kumar Reddy,"MBBS, MD, DNB, DM (Cardiology)",Cardiologist,skedoc.com/hyderabad/doctor/dr-siva-kumar-reddy-cardiologist
Dr. Sree Sudha Pargewar,"MBBS, DLO, DNB (ENT)",ENT Surgeon,skedoc.com/hyderabad/doctor/dr-sree-sudha-pargewar-ent-surgeon
Dr. Sri Chaitanya Reddy,"MBBS, MD (Dermatology)",Dermatologist,skedoc.com/hyderabad/doctor/dr-sri-chaitanya-reddy-dermatologist
Dr. Tushara Aluri,"MBBS, DO, MS  (Oph), MRCO",Ophthalmologist,skedoc.com/hyderabad/doctor/dr-tushara-aluri-ophthalmologist
Dr. V Ramprasad,"MBBS, MS (Gen Surgery)",General Surgeon,skedoc.com/hyderabad/doctor/dr-v-ramprasad-general-surgeon
Dr. V. Chandra Sekhar,"MBBS, MD (Gen Medicine)",General Physician,skedoc.com/hyderabad/doctor/dr-v-chandra-sekhar-general-physician
Dr. V. S. Ramchandra,"MBBS, MD, DM (Cardiology)",Cardiologist,skedoc.com/hyderabad/doctor/dr-v-s-ramchandra-cardiologist
Dr. Venkat Ram Prasad Vallamshetla,"MBBS, MS (Orthopaedics), FRCS",Orthopaedic Surgeon,skedoc.com/hyderabad/doctor/dr-venkat-ram-prasad-vallamshetla-orthopaedic-surgeon
Dr Gandhe Sridhar,"MBBS, MD (Paeds), DM (Nephrology)",Nephrologist,skedoc.com/hyderabad/doctor/dr-gandhe-sridhar-nephrologist
Dr Vikram Varma Jampana,"MBBS, MD (Gen Medicine)",General Physician,skedoc.com/hyderabad/doctor/dr-vikram-varma-jampana-general-physician
Dr. A.M.V.R. Narendra,"MBBS, MD, DM (Clinical Hematology)",Haematologist,skedoc.com/hyderabad/doctor/dr-a-m-v-r-narendra-haematologist
Dr. Anitha Kotha,"MBBS, DNB (Gen Med), DM (Neurology)",Neurologist,skedoc.com/hyderabad/doctor/dr-anitha-kotha-neurologist
Dr. Ankita Harijee,"MBBS, MS, M Ch (Plastic Surgeon)",Plastic surgeon,skedoc.com/hyderabad/doctor/dr-ankita-harijee-plastic-surgeon
Dr. Avinash Gottumukkala,"MBBS, MS, M Ch (Urology)",Urologist,skedoc.com/hyderabad/doctor/dr-avinash-gottumukkala-urologist
Dr. Bala Naga Sindhura Kambhampati,"MBBS, MD ( DVL)",Dermatologist,skedoc.com/hyderabad/doctor/dr-bala-naga-sindhura-kambhampati-dermatologist
Dr. Bharat Kumar Nara,"MBBS, MS, MCh (Surg Gastro)",Surgical Gastroenterologist,skedoc.com/hyderabad/doctor/dr-bharat-kumar-nara-surgical-gastroenterologist
Dr. Chinna Babu Dracham,"MBBS, MD (Radiation Oncology)",Radiation Oncologist,skedoc.com/hyderabad/doctor/dr-chinna-babu-dracham-radiation-oncologist
Dr. Dandu Satya Bhaskar Raju,"MBBS, MS, MCh (CT)",Cardio Thoracic Surgeon,skedoc.com/hyderabad/doctor/dr-dandu-satya-bhaskar-raju-cardio-thoracic-surgeon
Dr. G Veda Prakash,"MBBS, MS , DNB , MRCS (Ed), FRCS (Tr & Ortho)",Orthopaedic Surgeon,skedoc.com/hyderabad/doctor/dr-g-veda-prakash-orthopaedic-surgeon
Dr. G. Shashi Kanth,"MBBS, MS , MRCS, MRCSI, FRCS",Orthopaedic Surgeon,skedoc.com/hyderabad/doctor/dr-g-shashi-kanth-orthopaedic-surgeon
Dr. Golamari Srinivasa Reddy,"MBBS, MD, DM (Hepatology)",Hepatologist,skedoc.com/hyderabad/doctor/dr-golamari-srinivasa-reddy-hepatologist
Dr. Gopichand Mannam,"MBBS, FRCS (Edin), FRCS (Glasgow), FRCS (CTS)",Cardio Thoracic Surgeon,skedoc.com/hyderabad/doctor/dr-gopichand-mannam-cardio-thoracic-surgeon
Dr. Hari Ram. V,"MBBS, MD, DM (Cardiology)",Cardiologist,skedoc.com/hyderabad/doctor/dr-hari-ram-v-cardiologist
Dr. I.Chandana Reddy,"MBBS, MD, DM (Pulmo & Critical care)",Pulmonologist,skedoc.com/hyderabad/doctor/dr-i-chandana-reddy-pulmonologist
Dr. Jyothsna Guttikonda,"MBBS, AB Nephrology (USA)",Nephrologist,skedoc.com/hyderabad/doctor/dr-jyothsna-guttikonda-nephrologist
Dr. Kanishka Kavuri,"MBBS, MD, DNB (Pulmonary Medicine)",Pulmonologist,skedoc.com/hyderabad/doctor/dr-kanishka-kavuri-pulmonologist
Dr. Kishan Srikanth,"MBBS, MD, DM ( Pulmonology)",Pulmonologist,skedoc.com/hyderabad/doctor/dr-kishan-srikanth-pulmonologist
Dr. Kondal Reddy Mogili,"MBBS, MD, DNB (Gastroenterology)",Gastroenterologist,skedoc.com/hyderabad/doctor/dr-kondal-reddy-mogili-gastroenterologist
Dr. M. Venu Gopal Reddy,"MBBS, MS (Orthopaedics)",Orthopaedic Surgeon,skedoc.com/hyderabad/doctor/dr-m-venu-gopal-reddy-orthopaedic-surgeon
Dr. Madhuri.H.R,"MBBS, MD, DM (Rheumatology)",Rheumatologist,skedoc.com/hyderabad/doctor/dr-madhuri-h-r-rheumatologist
Dr. Nagaraju Pujari,"MBBS, MD",General Physician,skedoc.com/hyderabad/doctor/dr-nagaraju-pujari-general-physician
Dr. P Raghava Raju,"MBBS, MD, DM (Cardiology)",Cardiologist,skedoc.com/hyderabad/doctor/dr-p-raghava-raju-cardiologist
Dr. P. Bharath Kumar,"MBBS, MS, DNB (Surgical Oncology), FMAS",Surgical Oncologist,skedoc.com/hyderabad/doctor/dr-p-bharath-kumar-surgical-oncologist
Dr. Praveen Mereddy,"MS (Ortho), DNB (Ortho), MRCS (Ed), M.Ch (Ortho), FRCS",Orthopaedic Surgeon,skedoc.com/hyderabad/doctor/dr-praveen-mereddy-orthopaedic-surgeon
Dr. Rajesh Vasu,"MBBS, MS, MCh (Plastic Surgery)",Plastic surgeon,skedoc.com/hyderabad/doctor/dr-rajesh-vasu-plastic-surgeon
Dr. Ramesh Gudapati,"MBBS, MD, DM (Cardiology)",Cardiologist,skedoc.com/hyderabad/doctor/dr-ramesh-gudapati-cardiologist
Dr. Rohini Kasturi,"MBBS, MD, DM (Endocrinology)",Endocrinologist,skedoc.com/hyderabad/doctor/dr-rohini-kasturi-endocrinologist
Dr. S. Bhargava Reddy,"MBBS, MS (Gen Surg), DNB (Urology)",Urologist,skedoc.com/hyderabad/doctor/dr-s-bhargava-reddy-urologist
Dr. S. Raghuram Reddy,"MBBS, MS, M Ch ( Gastro)",Surgical Gastroenterologist,skedoc.com/hyderabad/doctor/dr-s-raghuram-reddy-surgical-gastroenterologist
Dr. S. V. Kinnera Reddy,"MBBS, MS, M Ch (Plastic Surgery)",Plastic surgeon,skedoc.com/hyderabad/doctor/dr-s-v-kinnera-reddy-plastic-surgeon
Dr. S. Yoga Lakshmi,"MBBS, D Ch, MD, DM (Clinical Haematology)",Haematologist,skedoc.com/hyderabad/doctor/dr-s-yoga-lakshmi-haematologist
Dr. Sainath Bhethanabhotla,"MBBS, MD, DM (Medical Oncology)",Medical Oncologist,skedoc.com/hyderabad/doctor/dr-sainath-bhethanabhotla-medical-oncologist
Dr. Sandeep Ghanta,"MBBS, MD (Gen Med)",General Physician,skedoc.com/hyderabad/doctor/dr-sandeep-ghanta-general-physician
Dr. Santosh Kumar Chellapuram,"MBBS, MD, DM (Medical Oncology)",Medical Oncologist,skedoc.com/hyderabad/doctor/dr-santosh-kumar-chellapuram-medical-oncologist
Dr. Sathya Chandrasekaran,"MBBS, MS, M Ch (Plastic Surgery)",Specialization not found,skedoc.com/hyderabad/doctor/dr-sathya-chandrasekaran-plastic-surgeon
Dr. Sindhura Durga Chitikela,"MBBS, MD, DM (Medical Oncology), ESMO, MRCP",Medical Oncologist,skedoc.com/hyderabad/doctor/dr-sindhura-durga-chitikela-medical-oncologist
Dr. Sreekanth Yerram,"MBBS, MD, DM (Cardiology)",Cardiologist,skedoc.com/hyderabad/doctor/dr-sreekanth-yerram-cardiologist
Dr. T.V. Aditya Chowdary,"MBBS, MS, MCh (Surg Gastro)",Surgical Gastroenterologist,skedoc.com/hyderabad/doctor/dr-t-v-aditya-chowdary-surgical-gastroenterologist
Dr. Vipin Goel,"MBBS, MS, DNB (Surgical Oncology)",Surgical Oncologist,skedoc.com/hyderabad/doctor/dr-vipin-goel-surgical-oncologist
Dr. Vishwak Sena Reddy P,"MBBS, MS, MCh (Neurosurgery)",Neuro Surgeon,skedoc.com/hyderabad/doctor/dr-vishwak-sena-reddy-p-neuro-surgeon
Dr. Yalakanti Raghavendra Babu,"MBBS, MS, M Ch",Liver Transplant Surgeon,skedoc.com/hyderabad/doctor/dr-yalakanti-raghavendra-babu-liver-transplant-surgeon
Dr .C. Narasimhan,"MBBS, MD, DM (Cardiology)",Cardiologist,skedoc.com/hyderabad/doctor/dr-c-narasimhan-cardiologist
Dr Nilkanth C Patil,"MBBS, MD, DM (Cardiology)",Cardiologist,skedoc.com/hyderabad/doctor/dr-nilkanth-c-patil-cardiologist
Dr Srinivas Boga,"MBBS, MS (Ortho), DNB (Orthopaedics)",Orthopaedic Surgeon,skedoc.com/hyderabad/doctor/dr-srinivas-boga-orthopaedic-surgeon
Dr. A Uday Kiran,"MBBS, MD, DM (Cardiology)",Cardiologist,skedoc.com/hyderabad/doctor/dr-a-uday-kiran-cardiologist
Dr. A. Mythri,"MBBS, MD, DM (Neurology)",Neurologist,skedoc.com/hyderabad/doctor/dr-a-mythri-neurologist
Dr. Aadil Ashraf,"MBBS, MD, DM (Gastroenterology)",Gastroenterologist,skedoc.com/hyderabad/doctor/dr-aadil-ashraf-gastroenterologist
Dr. Abhirama Chandra Gabbita,"MBBS, MCh (Neurosurgery), DNB",Neuro Surgeon,skedoc.com/hyderabad/doctor/dr-abhirama-chandra-gabbita-neuro-surgeon
Dr. Abhishek Katakwar,"MBBS, MS, DMAS , FMBS, FACS , FIAGES",General Surgeon,skedoc.com/hyderabad/doctor/dr-abhishek-katakwar-general-surgeon
Dr. Ajay Varun Reddy T,"MBBS, MS, MCh (Surg Onco)",Surgical Oncologist,skedoc.com/hyderabad/doctor/dr-ajay-varun-reddy-t-surgical-oncologist
Dr. Anand V Kulkarni,"MBBS, MD, DM (Hepatology)",Hepatologist,skedoc.com/hyderabad/doctor/dr-anand-v-kulkarni-hepatologist
Dr. Aniruddha Pratap Singh,"MBBS, MD, DM (Gastroenterology)",Gastroenterologist,skedoc.com/hyderabad/doctor/dr-aniruddha-pratap-singh-gastroenterologist
Dr. Anudeep KV,"MBBS, MD, DM (Gastroenterology), MRCP",Gastroenterologist,skedoc.com/hyderabad/doctor/dr-anudeep-kv-gastroenterologist
Dr. Anuj Kapadiya,"MBBS, MD, DM (Cardiology)",Cardiologist,skedoc.com/hyderabad/doctor/dr-anuj-kapadiya-cardiologist
Dr. Apoorva Munigela,"MBBS, MD (Internal Medicine)",General Physician,skedoc.com/hyderabad/doctor/dr-apoorva-munigela-general-physician
Dr. Arabind Panda,"MBBS, MS, M Ch (Urology)",Urologist,skedoc.com/hyderabad/doctor/dr-arabind-panda-urologist
Dr. Arif Mohammed Khan. S,"MBBS, MD, DM (Medical Oncology)",Medical Oncologist,skedoc.com/hyderabad/doctor/dr-arif-mohammed-khan-s-medical-oncologist
Dr. Arundhati Bordoloi,"MBBS, MD, DNB (Cardiology)",Cardiologist,skedoc.com/hyderabad/doctor/dr-arundhati-bordoloi-cardiologist
Dr. Ashi Morawala,"MBBS, MS (Ophthalmology)",Ophthalmologist,skedoc.com/hyderabad/doctor/dr-ashi-morawala-ophthalmologist
Dr. Ashok Kumar Dash,"MBBS, MD (Gen Medicine), FCCM",General Physician,skedoc.com/hyderabad/doctor/dr-ashok-kumar-dash-general-physician
Dr. Ashwani. P,"MBBS, MD (DVL)",Dermatologist,skedoc.com/hyderabad/doctor/dr-ashwani-p-dermatologist
Dr. Avinash Bonda,"MBBS, MD, DM (Med Onco)",Medical Oncologist,skedoc.com/hyderabad/doctor/dr-avinash-bonda-medical-oncologist
Dr. Bachu Goutam,"MBBS, MD",Pulmonologist,skedoc.com/hyderabad/doctor/dr-bachu-goutam-pulmonologist
Dr. Bhanu Prakash Reddy A,"MBBS, DNB (Gen Med)",General Physician,skedoc.com/hyderabad/doctor/dr-bhanu-prakash-reddy-a-general-physician
Dr. Bharadi Swaroop Govind,"MBBS, DNB (Gen Med), DNB (Cardiology)",Cardiologist,skedoc.com/hyderabad/doctor/dr-bharadi-swaroop-govind-cardiologist
Dr. Bhishma Chowdary Donepudi,"MBBS, MD, DM (Cardiology)",Cardiologist,skedoc.com/hyderabad/doctor/dr-bhishma-chowdary-donepudi-cardiologist
Dr. Bipin Chandra Pal,"MBBS, MS, M Ch (Urology), DNB (Urology)",Urologist,skedoc.com/hyderabad/doctor/dr-bipin-chandra-pal-urologist
Dr. C. Sridevi,"MBBS, DNB, DNB (Cardiology)",Cardiologist,skedoc.com/hyderabad/doctor/dr-c-sridevi-cardiologist
Dr. C.Sukesh Kumar Reddy,"MBBS, MS, MCh (CT)",Cardio Thoracic Surgeon,skedoc.com/hyderabad/doctor/dr-c-sukesh-kumar-reddy-cardio-thoracic-surgeon
Dr. Chetan Reddy K.B,"MBBS, MD (Gen Med)",General Physician,skedoc.com/hyderabad/doctor/dr-chetan-reddy-k-b-general-physician
Dr. Chitneni Maruthi,"MBBS, MS, MCh (Peadiatric surgery)",Paediatric Surgeon,skedoc.com/hyderabad/doctor/dr-chitneni-maruthi-paediatric-surgeon
Dr. D Nageshwar Reddy,"MD, DM, D.SC, FAMS, FRCP, FASGE, FACG, MWGO",Gastroenterologist,skedoc.com/hyderabad/doctor/dr-d-nageshwar-reddy-gastroenterologist
Dr. D.N.Kumar,"MBBS, MD, DM (Cardiology)",Cardiologist,skedoc.com/hyderabad/doctor/dr-d-n-kumar-cardiologist
Dr. Daljeet Kaur Saggu,"MBBS, MD, DM (Cardiology), FNB",Cardiologist,skedoc.com/hyderabad/doctor/dr-daljeet-kaur-saggu-cardiologist
Dr. Dasari Anusha,"MBBS, MD (General Medicine)",General Physician,skedoc.com/hyderabad/doctor/dr-dasari-anusha-general-physician
Dr. Dasari Nishanth V,"MBBS, MD (Pulmonary Medicine)",Pulmonologist,skedoc.com/hyderabad/doctor/dr-dasari-nishanth-v-pulmonologist
Dr. Deepika Kucherlapati,"MBBS, MD, PGDID",Pulmonologist,skedoc.com/hyderabad/doctor/dr-deepika-kucherlapati-pulmonologist
Dr. Devabhaktuni Nirmal Kumar,"MBBS, MD, DM (Cardiology)",Cardiologist,skedoc.com/hyderabad/doctor/dr-devabhaktuni-nirmal-kumar-cardiologist
Dr. G. Raghava Rao,"MBBS, MD, DM ( Pulmonology), MRCP",Pulmonologist,skedoc.com/hyderabad/doctor/dr-g-raghava-rao-pulmonologist
Dr. G. Rajasekhar Reddy,"MBBS, MD (Paediatrics), FNB, MRCPCH",Paediatrician,skedoc.com/hyderabad/doctor/dr-g-rajasekhar-reddy-paediatrician
Dr. G. Rajkoti Reddy,"MBBS, DNB (General Medicine)",General Physician,skedoc.com/hyderabad/doctor/dr-g-rajkoti-reddy-general-physician
Dr. G.V.Rao,"MBBS, MS, MAMS, FRCS",Surgical Gastroenterologist,skedoc.com/hyderabad/doctor/dr-g-v-rao-surgical-gastroenterologist
Dr. Gella Druva Vinay Kumar,"MBBS, MD (Pulmonology)",Pulmonologist,skedoc.com/hyderabad/doctor/dr-gella-druva-vinay-kumar-pulmonologist
Dr. Goutham Reddy Katukuri,"MBBS, MD, DM (Gastroenterology)",Gastroenterologist,skedoc.com/hyderabad/doctor/dr-goutham-reddy-katukuri-gastroenterologist
Dr. Hardik Rughwani,"MBBS, MD, DM (Gastroenterology)",Gastroenterologist,skedoc.com/hyderabad/doctor/dr-hardik-rughwani-gastroenterologist
Dr. Hari Priya Reddy Challa,"MBBS, MD (General Medicine), FNB",General Physician,skedoc.com/hyderabad/doctor/dr-hari-priya-reddy-challa-general-physician
Dr. Harshad Jawalkar,"MBBS, DNB (Orthopaedics)",Orthopaedic Surgeon,skedoc.com/hyderabad/doctor/dr-harshad-jawalkar-orthopaedic-surgeon
Dr. Inavolu Pradev,"MBBS, MD, DM (Gastroenterology), MRCP",Gastroenterologist,skedoc.com/hyderabad/doctor/dr-inavolu-pradev-gastroenterologist
Dr. Indraja Siripurapu,"MBBS, MD, DM (Med Onco)",Medical Oncologist,skedoc.com/hyderabad/doctor/dr-indraja-siripurapu-medical-oncologist
Dr. Jagtap Nitin Gopinath,"MBBS, MD, DNB (Gastroenterology)",Gastroenterologist,skedoc.com/hyderabad/doctor/dr-jagtap-nitin-gopinath-gastroenterologist
Dr. Jakku Kiran Kumar,"MBBS, DNB (General Medicine)",General Physician,skedoc.com/hyderabad/doctor/dr-jakku-kiran-kumar-general-physician
Dr. Jugal Kishore Kadel,"MBBS, DNB, FIRH, FICP, FACR",Rheumatologist,skedoc.com/hyderabad/doctor/dr-jugal-kishore-kadel-rheumatologist
Dr. K. Keshav Reddy,"MBBS, MD (General Medicine)",General Physician,skedoc.com/hyderabad/doctor/dr-k-keshav-reddy-general-physician
Dr. K.Sushmalatha Vijayraj,"MBBS, PGDCC",Cardiologist,skedoc.com/hyderabad/doctor/dr-k-sushmalatha-vijayraj-cardiologist
Dr. Kaleem Akhtar Razzaqui,"MBBS, PGDCC",Clinical Cardiologist,skedoc.com/hyderabad/doctor/dr-kaleem-akhtar-razzaqui-clinical-cardiologist
Dr. Kalyan Kumar Varma Kalidindi,"MBBS, MS, DNB, FNB (Spine Surgeon)",Spine Surgeon,skedoc.com/hyderabad/doctor/dr-kalyan-kumar-varma-kalidindi-spine-surgeon
Dr. Kalyani Dasari,MPT ( Neuro Rehab),Physiotherapist,skedoc.com/hyderabad/doctor/dr-kalyani-dasari-physiotherapist
Dr. Kausik Bhattacharya,"MBBS, MD (RT)",Radiation Oncologist,skedoc.com/hyderabad/doctor/dr-kausik-bhattacharya-radiation-oncologist
Dr. Ketan Suresh Mashrani,"MBBS, DNB (General Medicine)",General Physician,skedoc.com/hyderabad/doctor/dr-ketan-suresh-mashrani-general-physician
Dr. Komireddy Preeti Reddy,"MBBS, DNB, DM (Neurology)",Neurologist,skedoc.com/hyderabad/doctor/dr-komireddy-preeti-reddy-neurologist
Dr. Krishna Chaitanya,"MBBS, DNB",Liver Transplant Surgeon,skedoc.com/hyderabad/doctor/dr-krishna-chaitanya-liver-transplant-surgeon
Dr. M. Nithin Reddy,"MBBS, MD, DNB (Endocrinology)",Endocrinologist,skedoc.com/hyderabad/doctor/dr-m-nithin-reddy-endocrinologist
Dr. Madhu Vasepalli,MDS,Dentist,skedoc.com/hyderabad/doctor/dr-madhu-vasepalli-dentist
Dr. Madhukar Cheerla,"MBBS, PGDCC",Cardiologist,skedoc.com/hyderabad/doctor/dr-madhukar-cheerla-cardiologist
Dr. Maloth Arvind Kumar,"MBBS, MD (Paediatrics)",Paediatrician,skedoc.com/hyderabad/doctor/dr-maloth-arvind-kumar-paediatrician
Dr. Merugu Chandhana,"MBBS, MD, DM (Endocrinology)",Endocrinologist,skedoc.com/hyderabad/doctor/dr-merugu-chandhana-endocrinologist
Dr. Mithun Sharma,"M.D (Fellowship-Hepatology, SGH, Singapore)",Hepatologist,skedoc.com/hyderabad/doctor/dr-mithun-sharma-hepatologist
Dr. Mohan J Ramchandani,"MBBS, MD, DM (Gastro)",Gastroenterologist,skedoc.com/hyderabad/doctor/dr-mohan-j-ramchandani-gastroenterologist
Dr. Muthaiah Subramanian,"MBBS, MD, MRCP, DM (Cardiology)",Cardiologist,skedoc.com/hyderabad/doctor/dr-muthaiah-subramanian-cardiologist
Dr. Naresh Kumar.K.L,"MBBS, MS, MCh (CT)",Cardio Thoracic Surgeon,skedoc.com/hyderabad/doctor/dr-naresh-kumar-k-l-cardio-thoracic-surgeon
Dr. Nihar Ranjan Pradhan,"MBBS, MS, DNB, (Vascular Surg), FVES",Vascular Surgeon,skedoc.com/hyderabad/doctor/dr-nihar-ranjan-pradhan-vascular-surgeon
Dr. P Rekha,"MBBS, MD (Med, Nephrology) USA",Nephrologist,skedoc.com/hyderabad/doctor/dr-p-rekha-nephrologist
Dr. P. Balachandran Menon,"MBBS, MS, MCh (Surg Gastro), PDCC",Liver Transplant Surgeon,skedoc.com/hyderabad/doctor/dr-p-balachandran-menon-liver-transplant-surgeon
Dr. P. Kumaraswamy,"MBBS, MS, MCh (Surg Gastro)",Liver Transplant Surgeon,skedoc.com/hyderabad/doctor/dr-p-kumaraswamy-liver-transplant-surgeon
Dr. P. Sai Sarath Chandra,"MBBS, MS, MCh (Vascular)",Vascular Surgeon,skedoc.com/hyderabad/doctor/dr-p-sai-sarath-chandra-vascular-surgeon
Dr. P.N. Rao,"MBBS, MD, DM (Gastro)",Hepatologist,skedoc.com/hyderabad/doctor/dr-p-n-rao-hepatologist
Dr. Pragnya Chigurupati,"MBBS, MRCS, MS, M Ch",Surgical Oncologist,skedoc.com/hyderabad/doctor/dr-pragnya-chigurupati-surgical-oncologist
Dr. Praneeth Pasam,"MBBS, MS, M Ch (Urology)",Urologist,skedoc.com/hyderabad/doctor/dr-praneeth-pasam-urologist
Dr. R Prasad Reddy,"MBBS, MD, DM (Cardiology)",Cardiologist,skedoc.com/hyderabad/doctor/dr-r-prasad-reddy-cardiologist
Dr. R. Chandra Shekar Reddy,"MBBS, MS (ENT)",ENT Surgeon,skedoc.com/hyderabad/doctor/dr-r-chandra-shekar-reddy-ent-surgeon
Dr. R. Sujith Reddy,"MBBS, MD, DM (Nephrology)",Nephrologist,skedoc.com/hyderabad/doctor/dr-r-sujith-reddy-nephrologist
Dr. Radha Reddy Chada,Ph D,Nutritionist/Dietitian,skedoc.com/hyderabad/doctor/dr-radha-reddy-chada-nutritionist-dietitian
Dr. Raghu Samala,"MBBS, MS, MCh (Neurosurgery)",Neuro Surgeon,skedoc.com/hyderabad/doctor/dr-raghu-samala-neuro-surgeon
Dr. Rajeev Vijaykumar Menon,"MBBS, MD, DNB (Cardio)",Cardiologist,skedoc.com/hyderabad/doctor/dr-rajeev-vijaykumar-menon-cardiologist
Dr. Rajendra Patel,"MBBS, DNB (Med), DNB (Gastroenterology)",Gastroenterologist,skedoc.com/hyderabad/doctor/dr-rajendra-patel-gastroenterologist
Dr. Rajesh Rachha,"MBBS, DNB, D.Ortho, MRCS, FRCS, FEBOT, CCT",Orthopaedic Surgeon,skedoc.com/hyderabad/doctor/dr-rajesh-rachha-orthopaedic-surgeon
Dr. Rakesh Kalapala,"MBBS, MD, DNB (Gastro)",Gastroenterologist,skedoc.com/hyderabad/doctor/dr-rakesh-kalapala-gastroenterologist
Dr. Ravi Babu Komalla,"MBBS, MD (Paediatrics)",Paediatrician,skedoc.com/hyderabad/doctor/dr-ravi-babu-komalla-paediatrician
Dr. Ravikiran Naalla,"MBBS, MS, MCh (Plastic Surgery)",Plastic surgeon,skedoc.com/hyderabad/doctor/dr-ravikiran-naalla-plastic-surgeon
Dr. Rohit Dama,"MBBS, DNB (Surg), DNB (Surg Gastro)m",Surgical Gastroenterologist,skedoc.com/hyderabad/doctor/dr-rohit-dama-surgical-gastroenterologist
Dr. Rupa Banerjee,MBBS. MD. Diploma in Tropical Medicine,Gastroenterologist,skedoc.com/hyderabad/doctor/dr-rupa-banerjee-gastroenterologist
Dr. Rupjyoti Talukdar,"MBBS, MD , FICP",Gastroenterologist,skedoc.com/hyderabad/doctor/dr-rupjyoti-talukdar-gastroenterologist
Dr. S Sai Kalyan,"MBBS, MS, MCh (Neurosurgery)",Neuro Surgeon,skedoc.com/hyderabad/doctor/dr-s-sai-kalyan-neuro-surgeon
Dr. Sabreena Qadri,"MBBS, MD (Psychiatry)",Psychiatrist,skedoc.com/hyderabad/doctor/dr-sabreena-qadri-psychiatrist
Dr. Sachin Yalagudri,"MBBS, MD, DM (Cardiology)",Cardiologist,skedoc.com/hyderabad/doctor/dr-sachin-yalagudri-cardiologist
Dr. Sahaja Rao Aravelly,"MBBS, MS, DNB (Vascular)",Vascular Surgeon,skedoc.com/hyderabad/doctor/dr-sahaja-rao-aravelly-vascular-surgeon
Dr. Sai Ram Keithi Reddy,"MBBS, MD, DM (Nephrology), FISN (Harvard)",Nephrologist,skedoc.com/hyderabad/doctor/dr-sai-ram-keithi-reddy-nephrologist
Dr. Sanjeev M Patil,"MBBS, MS, DNB (Surg Gastro), FIAGES",Surgical Gastroenterologist,skedoc.com/hyderabad/doctor/dr-sanjeev-m-patil-surgical-gastroenterologist
Dr. Shantan Venishetty,"MBBS, MD, DM (Hepatology)",Hepatologist,skedoc.com/hyderabad/doctor/dr-shantan-venishetty-hepatologist
Dr. Shraddha Ramchandani,"MBBS, DNB, DGO",Gynaecologist,skedoc.com/hyderabad/doctor/dr-shraddha-ramchandani-gynaecologist
Dr. Sonam Mathur,"MBBS, MD, DM (Gastroenterology), FCPS",Gastroenterologist,skedoc.com/hyderabad/doctor/dr-sonam-mathur-gastroenterologist
Dr. Sowmya T R,"MBBS, MD, DNB",Hepatologist,skedoc.com/hyderabad/doctor/dr-sowmya-t-r-hepatologist
Dr. Sridhar Dasu,"MBBS, MS, MCh",Surgical Oncologist,skedoc.com/hyderabad/doctor/dr-sridhar-dasu-surgical-oncologist
Dr. Srinivas C.H,"MBBS, MS (Ortho)",Orthopaedic Surgeon,skedoc.com/hyderabad/doctor/dr-srinivas-c-h-orthopaedic-surgeon
Dr. Srinivas Kishore Sistla,"MBBS, MS (ENT)",ENT Surgeon,skedoc.com/hyderabad/doctor/dr-srinivas-kishore-sistla-ent-surgeon
Dr. Srinivas Thati,"MBBS, MS (Ortho), MRCS(UK), FRCS (Tr & Ortho),",Orthopaedic Surgeon,skedoc.com/hyderabad/doctor/dr-srinivas-thati-orthopaedic-surgeon
Dr. Subodh Raju,"MBBS, MS, MCh (Neurosurgery)",Neuro Surgeon,skedoc.com/hyderabad/doctor/dr-subodh-raju-neuro-surgeon
Dr. Sujana Priya V,"MD, DNB, IACA Fellowship, USA",Radiation Oncologist,skedoc.com/hyderabad/doctor/dr-sujana-priya-v-radiation-oncologist
Dr. Sundeep Lakhtakia,"MBBS, MD, DNB, DM (Gastro)",Gastroenterologist,skedoc.com/hyderabad/doctor/dr-sundeep-lakhtakia-gastroenterologist
Dr. Suresh Babu .P,"MBBS, MD, DM (Neurology)",Neurologist,skedoc.com/hyderabad/doctor/dr-suresh-babu-p-neurologist
Dr. Suresh Kanasani,"MBBS, MCh (Neurosurgery)",Neuro Surgeon,skedoc.com/hyderabad/doctor/dr-suresh-kanasani-neuro-surgeon
Dr. Swapnali Sabhapandit,"MBBS, MS (Oph)",Ophthalmologist,skedoc.com/hyderabad/doctor/dr-swapnali-sabhapandit-ophthalmologist
Dr. V. Sai Tarun,"MBBS, MS, MCh (Surgical Gastro)",Surgical Gastroenterologist,skedoc.com/hyderabad/doctor/dr-v-sai-tarun-surgical-gastroenterologist
Dr. Vamshi Krishna M,"MBBS, MD, DM (Medical Oncology)",Medical Oncologist,skedoc.com/hyderabad/doctor/dr-vamshi-krishna-m-medical-oncologist
Dr. Vishwanath Gella,"MBBS, MD, DM (Pulmo)",Pulmonologist,skedoc.com/hyderabad/doctor/dr-vishwanath-gella-pulmonologist
Dr. Wanve Balasaheb Ajinath,"MBBS, DNB, DM (Clinical Haematology)",Haematologist,skedoc.com/hyderabad/doctor/dr-wanve-balasaheb-ajinath-haematologist
Dr.Bhupathiraju Somaraju,"MBBS, MD, DM (Cardiology)",Cardiologist,skedoc.com/hyderabad/doctor/dr-bhupathiraju-somaraju-cardiologist
Dr. A. Siva Kesavulu,"MBBS, DNB (Orthopaedics)",Orthopaedic Surgeon,skedoc.com/hyderabad/doctor/dr-a-siva-kesavulu-orthopaedic-surgeon
Dr. Anand Agarwal,"MBBS,  M Ch",Cardio Thoracic Surgeon,skedoc.com/hyderabad/doctor/dr-anand-agarwal-cardio-thoracic-surgeon
Dr. Anjani Kumar R,"MBBS, MS (Ortho)",Orthopaedic Surgeon,skedoc.com/hyderabad/doctor/dr-anjani-kumar-r-orthopaedic-surgeon
Dr. B.Sangeetha Lakshmi,"MBBS, MD, DM (Nephrology)",Nephrologist,skedoc.com/hyderabad/doctor/dr-b-sangeetha-lakshmi-nephrologist
Dr. D.Subhash Reddy,"MBBS, MD ( DVL)",Dermatologist,skedoc.com/hyderabad/doctor/dr-d-subhash-reddy-dermatologist
Dr. Deepa Dharanappa,"MBBS, MD (Paediatrics)",Paediatrician,skedoc.com/hyderabad/doctor/dr-deepa-dharanappa-paediatrician
Dr. G J D Rao,"MBBS, MD (Gen Med), PGDD",General Physician,skedoc.com/hyderabad/doctor/dr-g-j-d-rao-general-physician
Dr. K. Rajashekar Rao,"MBBS, MD (Paediatrics)",Paediatrician,skedoc.com/hyderabad/doctor/dr-k-rajashekar-rao-paediatrician
Dr. K. Seshu Mohan,"MBBS, MS, M Ch (Urology)",Urologist,skedoc.com/hyderabad/doctor/dr-k-seshu-mohan-urologist
Dr. Kamal Kumar Chawla,"MBBS, MD, DM (Cardiology)",Cardiologist,skedoc.com/hyderabad/doctor/dr-kamal-kumar-chawla-cardiologist
Dr. M. Sudhakar Rao,"MBBS, MS, MCh (CT), FIACS",Cardio Thoracic Surgeon,skedoc.com/hyderabad/doctor/dr-m-sudhakar-rao-cardio-thoracic-surgeon
Dr. Maidu Mahesh Kumar,"MBBS, DNB, M Ch (Neurosurgery)",Neuro Surgeon,skedoc.com/hyderabad/doctor/dr-maidu-mahesh-kumar-neuro-surgeon
Dr. Maithri K,"MBBS, MD Psychiatry,",Psychiatrist,skedoc.com/hyderabad/doctor/dr-maithri-k-psychiatrist
Dr. Nithya Chandra,"MBBS, MD (Gen Medicine)",General Physician,skedoc.com/hyderabad/doctor/dr-nithya-chandra-general-physician
Dr. P. Kranthi Kumar,"MBBS, MD, DM (Gastroenterology)",Gastroenterologist,skedoc.com/hyderabad/doctor/dr-p-kranthi-kumar-gastroenterologist
Dr. Prakash Ajmera,"MBBS, MD, DNB (Cardiology)",Cardiologist,skedoc.com/hyderabad/doctor/dr-prakash-ajmera-cardiologist
Dr. Praveen Kotipalli,"MBBS, DTCD , FCCP",Pulmonologist,skedoc.com/hyderabad/doctor/dr-praveen-kotipalli-pulmonologist
Dr. Raghuram Prasad,"MBBS, MS, MCh (Plastic Surgery)",Plastic surgeon,skedoc.com/hyderabad/doctor/dr-raghuram-prasad-plastic-surgeon
Dr. Rohit Kumar Bandari,"MBBS, MD, DM (Neurology), MRCP",Neurologist,skedoc.com/hyderabad/doctor/dr-rohit-kumar-bandari-neurologist
Dr. Sharan Basappa,"MBBS, MS (Gen Surg), DNB (Neurosurgery)",Neuro Surgeon,skedoc.com/hyderabad/doctor/dr-sharan-basappa-neuro-surgeon
Dr. Sikander Ali Khan Lodhi,"MBBS, MS (Oph), DO",Ophthalmologist,skedoc.com/hyderabad/doctor/dr-sikander-ali-khan-lodhi-ophthalmologist
Dr. Srikanth T Goud,"MBBS, PGDCC",Cardiologist,skedoc.com/hyderabad/doctor/dr-srikanth-t-goud-cardiologist
Dr. Surya Narayana Mandal,"MBBS, MD, DNB (Nephrology)",Nephrologist,skedoc.com/hyderabad/doctor/dr-surya-narayana-mandal-nephrologist
Dr. Susmitha B,"MBBS, MS, MCh (Plastic Surgery)",Plastic surgeon,skedoc.com/hyderabad/doctor/dr-susmitha-b-plastic-surgeon
Dr. V. M Shankar Reddy,"MBBS, DNB (Surg Onco)",Surgical Oncologist,skedoc.com/hyderabad/doctor/dr-v-m-shankar-reddy-surgical-oncologist
Dr. Venu Madhav B,"MBBS, MS (Ortho)",Orthopaedic Surgeon,skedoc.com/hyderabad/doctor/dr-venu-madhav-b-orthopaedic-surgeon
Dr. Vinay Kumar Gadapa,"MBBS, PGDCC",Clinical Cardiologist,skedoc.com/hyderabad/doctor/dr-vinay-kumar-gadapa-clinical-cardiologist
Dr. Deepa Agarwal,"M Sc, Phd",Nutritionist/Dietitian,skedoc.com/hyderabad/doctor/dr-deepa-agarwal-nutritionist-dietitian
Dr. Chavan Radhika Jagannath,"MBBS, MD (Gen Medicine)",General Physician,skedoc.com/hyderabad/doctor/dr-chavan-radhika-jagannath-general-physician
Dr. G.Mahesh Shetty,"MBBS, MS, DNB (G.I Surg)",Surgical Gastroenterologist,skedoc.com/hyderabad/doctor/dr-g-mahesh-shetty-surgical-gastroenterologist
Dr. Jahangeer Basha,"MBBS, MD, DM (Gastroenterology)",Gastroenterologist,skedoc.com/hyderabad/doctor/dr-jahangeer-basha-gastroenterologist
Dr. Mahiboob Najbuddin Sayyed,"MBBS, MD, DNB (Gastroenterology)",Gastroenterologist,skedoc.com/hyderabad/doctor/dr-mahiboob-najbuddin-sayyed-gastroenterologist
Dr. Manu Tandan,"MBBS, MD, DM (Gastro)",Gastroenterologist,skedoc.com/hyderabad/doctor/dr-manu-tandan-gastroenterologist
Dr. Mohan Vamsi Turpati,"MBBS, MD, DNB (Gastroenterology)",Gastroenterologist,skedoc.com/hyderabad/doctor/dr-mohan-vamsi-turpati-gastroenterologist
Dr. P.Manohar Reddy,"MBBS, MD, DNB (Gastro)",Gastroenterologist,skedoc.com/hyderabad/doctor/dr-p-manohar-reddy-gastroenterologist
Dr. Partha Pal,"MBBS, MD, MRCP, DNB,  (Gastroenterology)",Gastroenterologist,skedoc.com/hyderabad/doctor/dr-partha-pal-gastroenterologist
Dr. R. Pradeep,"MBBS, MS, MCh (Surg Gastro)",Surgical Gastroenterologist,skedoc.com/hyderabad/doctor/dr-r-pradeep-surgical-gastroenterologist
Dr. Rajesh Gupta,"MBBS, MD, DM (Gastro)",Gastroenterologist,skedoc.com/hyderabad/doctor/dr-rajesh-gupta-gastroenterologist
Dr. S. Janarthan Babu,"MBBS, MD, DNB ((Medical Oncology)",Medical Oncologist,skedoc.com/hyderabad/doctor/dr-s-janarthan-babu-medical-oncologist
Dr. Sujatha Kandi,"MBBS, MD (OBG)",Gynaecologist,skedoc.com/hyderabad/doctor/dr-sujatha-kandi-gynaecologist
Dr. Zaheer Nabi,"MBBS, MD, DNB (Gastro)",Gastroenterologist,skedoc.com/hyderabad/doctor/dr-zaheer-nabi-gastroenterologist
Ms. Pendem Mounika,M Sc (Nutrition),Nutritionist/Dietitian,skedoc.com/hyderabad/doctor/ms-pendem-mounika-nutritionist-dietitian
Dr. D.Vidyasagar,"MBBS, DNB (ENT), DLO",ENT Surgeon,skedoc.com/hyderabad/doctor/dr-d-vidyasagar-ent-surgeon
Ms. Sowmya Balasubramaniam,"M Sc, ADA ( Diabetes)",Nutritionist/Dietitian,skedoc.com/hyderabad/doctor/ms-sowmya-balasubramaniam-nutritionist-dietitian
Dr. Divya Swetha,"MBBS, DNB (OBG), DGO",Gynaecologist,skedoc.com/hyderabad/doctor/dr-divya-swetha-gynaecologist
Dr. Krishna Moorthy,"MBBS, MS, MCh (Plastic Surgery)",Plastic surgeon,skedoc.com/hyderabad/doctor/dr-krishna-moorthy-plastic-surgeon
Dr. R. Sujit Kumar Vakati,"MBBS, MS, MCh (Orthopaedics)",Orthopaedic Surgeon,skedoc.com/hyderabad/doctor/dr-r-sujit-kumar-vakati-orthopaedic-surgeon
Dr. Ramu Ankam,"MBBS, PGDCC",Clinical Cardiologist,skedoc.com/hyderabad/doctor/dr-ramu-ankam-clinical-cardiologist
Dr. Sreedevi Meesala,"MBBS, DFM (RCGP.UK) - Medvarsity (Family Medicine)",General Physician,skedoc.com/hyderabad/doctor/dr-sreedevi-meesala-general-physician
Ms. Lakshmi Tejasvi Madala,M Sc (Nutrition),Nutritionist/Dietitian,skedoc.com/hyderabad/doctor/ms-lakshmi-tejasvi-madala-nutritionistdietitian
Dr. A.Ashwini,"MBBS, MD (OBG), DGO",Gynaecologist,skedoc.com/hyderabad/doctor/dr-a-ashwini-gynaecologist
Dr. Abhirama Chandra Gabbita,"MBBS, MCh (Neurosurgery), DNB",Neuro Surgeon,skedoc.com/hyderabad/doctor/dr-abhirama-chandra-gabbita-neuro-surgeon
Dr. Arun Kumar Donakonda,"MBBS, MD, DM (Nephrology)",Nephrologist,skedoc.com/hyderabad/doctor/dr-arun-kumar-donakonda-nephrologist
Dr. Ashwini Annam,"MBBS, MD, DGO",Gynaecologist,skedoc.com/hyderabad/doctor/dr-ashwini-annam-gynaecologist
Dr. Avinash Nalluri,"MBBS,  MS (ENT)",ENT Surgeon,skedoc.com/hyderabad/doctor/dr-avinash-nalluri-ent-surgeon
Dr. Deepak Koppaka,"MBBS, MD (RT), DM (Medical Onco)",Medical Oncologist,skedoc.com/hyderabad/doctor/dr-deepak-koppaka-medical-oncologist
Dr. G. V. Somayajulu,"MBBS, DNB (General Surgery), FIAGES",General Surgeon,skedoc.com/hyderabad/doctor/dr-g-v-somayajulu-general-surgeon
Dr. J. Rajendra Kumar,"MBBS, MD, DNB (Cardiology)",Cardiologist,skedoc.com/hyderabad/doctor/dr-j-rajendra-kumar-cardiologist
Dr. K. Anusha Chowdary,"MBBS, MS (OBG), MRCOG, FMAS, FRM",Gynaecologist,skedoc.com/hyderabad/doctor/dr-k-anusha-chowdary-gynaecologist
Dr. Kalyan Varma Uddaraju,"MBBS, MS, M Ch (Urology)",Urologist,skedoc.com/hyderabad/doctor/dr-kalyan-varma-uddaraju-urologist
Dr. Manasa Mynepally,"MBBS, MD, DM (Endocrinology)",Endocrinologist,skedoc.com/hyderabad/doctor/dr-manasa-mynepally-endocrinologist
Dr. Markandeya Akurathi,"MBBS, DNB (General Medicine)",General Physician,skedoc.com/hyderabad/doctor/dr-markandeya-akurathi-general-physician
Dr. N Murali Krishna,"MBBS, M Ch (Paediatric Surgery)",Paediatric Surgeon,skedoc.com/hyderabad/doctor/dr-n-murali-krishna-paediatric-surgeon
Dr. Naren Bollineni,"MBBS, MS, DNB (Surgical Oncology)",Surgical Oncologist,skedoc.com/hyderabad/doctor/dr-naren-bollineni-surgical-oncologist
Dr. Naveen Chettupalli,"MBBS, DNB (Paediatrics)",Paediatrician,skedoc.com/hyderabad/doctor/dr-naveen-chettupalli-paediatrician
Dr. Nithin Kondapuram,"MBBS, DPM, M Sc ( Neuro Psychiatric Epidemiology)",Psychiatrist,skedoc.com/hyderabad/doctor/dr-nithin-kondapuram-psychiatrist
Dr. P. Vijayendra Raju,"MBBS, MD (Pulmonology)",Pulmonologist,skedoc.com/hyderabad/doctor/dr-p-vijayendra-raju-pulmonologist
Dr. Paul Naveen M,"MBBS, MS, M Ch (Urology)",Urologist,skedoc.com/hyderabad/doctor/dr-paul-naveen-m-urologist
Dr. Prasad Neelam,"MBBS, MS, MCh (Surgical Gastro)",Surgical Gastroenterologist,skedoc.com/hyderabad/doctor/dr-prasad-neelam-surgical-gastroenterologist
Dr. Sreedhar Reddy Anne,"MBBS, MS (Orthopaedics)",Orthopaedic Surgeon,skedoc.com/hyderabad/doctor/dr-sreedhar-reddy-anne-orthopaedic-surgeon
Dr. Sudheer Pachipala,"MBBS, MD, DM (Neurology)",Neurologist,skedoc.com/hyderabad/doctor/dr-sudheer-pachipala-neurologist
Dr. Surendra Ugale,"MBBS, MS (Gen Surgery)",General Surgeon,skedoc.com/hyderabad/doctor/dr-surendra-ugale-general-surgeon
Dr. Sushma Peruri,"MBBS, MS (General Surgery)",General Surgeon,skedoc.com/hyderabad/doctor/dr-sushma-peruri-general-surgeon
Dr. Swaroop Chandra Sudnagunta,"MBBS, DNB (Orthopaedics)",Orthopaedic Surgeon,skedoc.com/hyderabad/doctor/dr-swaroop-chandra-sudnagunta-orthopaedic-surgeon
Dr. Talacheru Srinivasulu,"MBBS, MD (Gen Medicine)",General Physician,skedoc.com/hyderabad/doctor/dr-talacheru-srinivasulu-general-physician
Dr. Venkata Sriram Gutta,"MBBS, D Ch, DNB, FIAP",Neonatologist,skedoc.com/hyderabad/doctor/dr-venkata-sriram-gutta-neonatologist
Sriharsha Tikka,Rhinololgy and Skull base surgeon,ENT Surgeon,skedoc.com/hyderabad/doctor/sriharsha-tikka-ent-surgeon
Dr. Prof Tom Cherian,"MBBS, FRCS, FRCS (HPB Surgery), CCST",Liver Transplant Surgeon,skedoc.com/hyderabad/doctor/dr-prof-tom-cherian-liver-transplant-surgeon
